"序号","OBJ编号","中文名称","原文件名","修改后文件名","原相对路径","修改后相对路径","字节数","SHA256"
"1","OBJ001","白色带把杯-后","1.txt","S0288.txt","tactile-lushui\白色带把杯-后\1.txt","tactile-lushui\白色带把杯-后\S0288.txt","116238","F09FA5FB98F2FB22C0BD07068CE59E061A86B7E9BABE736F7C8D6D67FC93203F"
"2","OBJ001","白色带把杯-后","2.txt","S0289.txt","tactile-lushui\白色带把杯-后\2.txt","tactile-lushui\白色带把杯-后\S0289.txt","117043","E11FF7EF913AF6B83C4335161F3518B351DC7D74110131A301A716D94B65632C"
"3","OBJ001","白色带把杯-后","3.txt","S0290.txt","tactile-lushui\白色带把杯-后\3.txt","tactile-lushui\白色带把杯-后\S0290.txt","118372","8A8DC6DF65607AABC9E6A88857C389B5738E24DC9EBD36695A5A47A531DD418E"
"4","OBJ001","白色带把杯-后","4.txt","S0291.txt","tactile-lushui\白色带把杯-后\4.txt","tactile-lushui\白色带把杯-后\S0291.txt","123457","4D24E964509C91D307314E4853C73CE985121CB64A465801B2F378D12F6C5C9E"
"5","OBJ001","白色带把杯-后","5.txt","S0292.txt","tactile-lushui\白色带把杯-后\5.txt","tactile-lushui\白色带把杯-后\S0292.txt","122306","2BFC41ADF47092929AB728F71273E5C6E494F93BFBD0C190D5EECB34171EB5DF"
"6","OBJ001","白色带把杯-后","6.txt","S0293.txt","tactile-lushui\白色带把杯-后\6.txt","tactile-lushui\白色带把杯-后\S0293.txt","117816","E4B52BAE7000A8DBC9D6DE28C4D63ADF2A098F3E5EAA9C2581F90BB03062C9FA"
"7","OBJ001","白色带把杯-后","7.txt","S0294.txt","tactile-lushui\白色带把杯-后\7.txt","tactile-lushui\白色带把杯-后\S0294.txt","117301","4F176934DCF1EAC12F26DF9CA7E7A53DE1812E8F879ADB2CAC64CC45495D515A"
"8","OBJ001","白色带把杯-后","8-进水速度快.txt","S0295.txt","tactile-lushui\白色带把杯-后\8-进水速度快.txt","tactile-lushui\白色带把杯-后\S0295.txt","116587","43910EA202C1D598601550BFBF77E27B2BF363007685854FEB4171A560C8B1D9"
"9","OBJ001","白色带把杯-后","9-进水速度快.txt","S0296.txt","tactile-lushui\白色带把杯-后\9-进水速度快.txt","tactile-lushui\白色带把杯-后\S0296.txt","118256","2F3F2087090C6C75531D846E7796450610294FFB4F211BBA008AD750BD4DE79F"
"10","OBJ001","白色带把杯-后","10-进水速度快.txt","S0297.txt","tactile-lushui\白色带把杯-后\10-进水速度快.txt","tactile-lushui\白色带把杯-后\S0297.txt","117138","53BB16EF2B80AD8C774822DD338E82359BEA7990B9FDFC268C4049F1A5A806BB"
"11","OBJ001","白色带把杯-后","11-不同摆放.txt","S0298.txt","tactile-lushui\白色带把杯-后\11-不同摆放.txt","tactile-lushui\白色带把杯-后\S0298.txt","116417","1642BD31400BABBE024A7C031EBF97091E6B8E3673B769404821C34FC8915F2F"
"12","OBJ001","白色带把杯-后","12-不同摆放.txt","S0299.txt","tactile-lushui\白色带把杯-后\12-不同摆放.txt","tactile-lushui\白色带把杯-后\S0299.txt","116098","2B2799AD2C8DF764C11BE0C2301C6BB520364B62ED4B0102207111FB8153325B"
"13","OBJ001","白色带把杯-后","13-滑移.txt","S0300.txt","tactile-lushui\白色带把杯-后\13-滑移.txt","tactile-lushui\白色带把杯-后\S0300.txt","112902","B1EF3BC778E6692F659A9DFFDCEA7C7E36B4E148BB66086D1FFCB20FEB1962E6"
"14","OBJ001","白色带把杯-后","14-滑移.txt","S0301.txt","tactile-lushui\白色带把杯-后\14-滑移.txt","tactile-lushui\白色带把杯-后\S0301.txt","108988","455FDB4BC0DD1DAE724E5060B461911D303D1089DF65D5BA6824537D02AA9D0D"
"15","OBJ001","白色带把杯-后","15-浑浊.txt","S0302.txt","tactile-lushui\白色带把杯-后\15-浑浊.txt","tactile-lushui\白色带把杯-后\S0302.txt","118761","1A56CA9E3895CF10079AA01FB0B2B4B1C9E1D5E732ACB789B2C173C91B851833"
"16","OBJ002","白色带把碗","1.txt","S0303.txt","tactile-lushui\白色带把碗\1.txt","tactile-lushui\白色带把碗\S0303.txt","118310","878FD4D64931625CE39D81E9C0DC8E64B442A66C3B67A178695D980A63783188"
"17","OBJ002","白色带把碗","2.txt","S0304.txt","tactile-lushui\白色带把碗\2.txt","tactile-lushui\白色带把碗\S0304.txt","119823","2C3184C6E1E27EC240500A5E1ED4F3F0527A6057328E4CEA7C46060F4F6EA3F6"
"18","OBJ002","白色带把碗","3.txt","S0305.txt","tactile-lushui\白色带把碗\3.txt","tactile-lushui\白色带把碗\S0305.txt","120027","EEFD4F9B00961E7556AB989612937E9CAF0884D3CE7619F2D4BC8FC15E048C32"
"19","OBJ002","白色带把碗","4.txt","S0306.txt","tactile-lushui\白色带把碗\4.txt","tactile-lushui\白色带把碗\S0306.txt","120275","8DE2F8C499FAA895F9724C8C17955DE656B64A6F37BF1A4A7BC259EE7919D372"
"20","OBJ002","白色带把碗","5.txt","S0307.txt","tactile-lushui\白色带把碗\5.txt","tactile-lushui\白色带把碗\S0307.txt","119887","0183FEBF320AA3BFA3A40B6958FB681D456566424ED24193293E70311A6EE80C"
"21","OBJ002","白色带把碗","6.txt","S0308.txt","tactile-lushui\白色带把碗\6.txt","tactile-lushui\白色带把碗\S0308.txt","119739","B37E15F0AC2C0A213642C3F153F209C3848F99E131C657EB00C5B4EAF7831004"
"22","OBJ002","白色带把碗","7.txt","S0309.txt","tactile-lushui\白色带把碗\7.txt","tactile-lushui\白色带把碗\S0309.txt","120276","2BA19E110152D1DDAA8A0FC4C0DD8F6CCE119ED97FD13E0513DE7D83418361A5"
"23","OBJ002","白色带把碗","8-滑落.txt","S0310.txt","tactile-lushui\白色带把碗\8-滑落.txt","tactile-lushui\白色带把碗\S0310.txt","122962","42F36F6756465043B41A99318490ECBF9BD9E9E278C7F913981DBDA0A523260E"
"24","OBJ002","白色带把碗","9.txt","S0311.txt","tactile-lushui\白色带把碗\9.txt","tactile-lushui\白色带把碗\S0311.txt","119990","0AC5CDF58AC50187A65BC5A412CFF8807CEDAF169EC986E8E0F9032BF81BECC0"
"25","OBJ002","白色带把碗","10.txt","S0312.txt","tactile-lushui\白色带把碗\10.txt","tactile-lushui\白色带把碗\S0312.txt","121040","63DE9DED316CB9A19C18BFE613EFCA2AAB6126BFD0A18840B22647A7E933D3F7"
"26","OBJ002","白色带把碗","11-进水速度快.txt","S0313.txt","tactile-lushui\白色带把碗\11-进水速度快.txt","tactile-lushui\白色带把碗\S0313.txt","117364","C09C6D389AE7F9D7B79D0C0FC61CE9DA202790F12CA7CF5140DF774742BF52D8"
"27","OBJ002","白色带把碗","12-进水速度快.txt","S0314.txt","tactile-lushui\白色带把碗\12-进水速度快.txt","tactile-lushui\白色带把碗\S0314.txt","118044","4D139C919F1D1A018DB073594E025BB8F007E84D8B3658C0526AEC951427E435"
"28","OBJ002","白色带把碗","13-进水速度快.txt","S0315.txt","tactile-lushui\白色带把碗\13-进水速度快.txt","tactile-lushui\白色带把碗\S0315.txt","118016","52A5A9E74ABA810411D7B02114EE4C2D341901A8F2F60E6FF518C6C540A7118D"
"29","OBJ002","白色带把碗","14-浑浊.txt","S0316.txt","tactile-lushui\白色带把碗\14-浑浊.txt","tactile-lushui\白色带把碗\S0316.txt","116689","6480B8724AEDEF9E59FF495CEF8B775FAE423C40C6B18DF0E390554A62B263D3"
"30","OBJ002","白色带把碗","15-浑浊.txt","S0317.txt","tactile-lushui\白色带把碗\15-浑浊.txt","tactile-lushui\白色带把碗\S0317.txt","116709","40FB2CE0C41299C6B01958E8252C364E1EFB7DD86180FB086F0643C6DBD05B3D"
"31","OBJ003","白色开口大碗","1.txt","S0318.txt","tactile-lushui\白色开口大碗\1.txt","tactile-lushui\白色开口大碗\S0318.txt","116780","E969B4D2D6B83A0FEFB9E4AC5FF4C5F26EB5B22E467063E336C7058B3FDB3430"
"32","OBJ003","白色开口大碗","2.txt","S0319.txt","tactile-lushui\白色开口大碗\2.txt","tactile-lushui\白色开口大碗\S0319.txt","120195","6AE7F6810B0AE2B82EF749EE39C4533E53E4D8DB2F14BFF9EEAB4FB1B57D1086"
"33","OBJ003","白色开口大碗","3.txt","S0320.txt","tactile-lushui\白色开口大碗\3.txt","tactile-lushui\白色开口大碗\S0320.txt","120090","4E3CA6C65A02A10A84DA1ED68F19C5AD116E281F5551A07D73D61DA4D25E003B"
"34","OBJ003","白色开口大碗","4.txt","S0321.txt","tactile-lushui\白色开口大碗\4.txt","tactile-lushui\白色开口大碗\S0321.txt","121279","D74B42742B759DFA136D8B402AE9BA42A055118112E95E16DB9EC568CD85BF5C"
"35","OBJ003","白色开口大碗","5.txt","S0322.txt","tactile-lushui\白色开口大碗\5.txt","tactile-lushui\白色开口大碗\S0322.txt","124564","80B48107DE34E1A6145CC7754DC71EEFA0A4ED634E75A650FA58754FE0C6A85D"
"36","OBJ003","白色开口大碗","6.txt","S0323.txt","tactile-lushui\白色开口大碗\6.txt","tactile-lushui\白色开口大碗\S0323.txt","123743","9BBC2296CAD2B7648768B439D5934A0A234FDC8763169B5D23BD83BBE82C040D"
"37","OBJ003","白色开口大碗","7.txt","S0324.txt","tactile-lushui\白色开口大碗\7.txt","tactile-lushui\白色开口大碗\S0324.txt","122991","A770493AA38DA0D62D9433A9E282CDEF824C8C3DAA7D311181D64903C811B547"
"38","OBJ003","白色开口大碗","8.txt","S0325.txt","tactile-lushui\白色开口大碗\8.txt","tactile-lushui\白色开口大碗\S0325.txt","118384","235B867198587F77CBAC1D0959ABCA8F846EB3E69B94A83A2D2452E7B658D4CC"
"39","OBJ003","白色开口大碗","9.txt","S0326.txt","tactile-lushui\白色开口大碗\9.txt","tactile-lushui\白色开口大碗\S0326.txt","121896","78177A8226A4294C6D9620C4A12F9E692A7DC4CABE8688943F38F7942A305558"
"40","OBJ003","白色开口大碗","10-进水速度快.txt","S0327.txt","tactile-lushui\白色开口大碗\10-进水速度快.txt","tactile-lushui\白色开口大碗\S0327.txt","117127","1EEFEC4F4B76957AC3D1A2E0F0A771C66F3B63FDD3BD73AFD0F0399F62104D52"
"41","OBJ003","白色开口大碗","11-进水速度快.txt","S0328.txt","tactile-lushui\白色开口大碗\11-进水速度快.txt","tactile-lushui\白色开口大碗\S0328.txt","118875","44B4867292F6F6498A6ED85E201D746E3B1F3BBCDFB66C1460976D061769BC44"
"42","OBJ003","白色开口大碗","12-进水速度快.txt","S0329.txt","tactile-lushui\白色开口大碗\12-进水速度快.txt","tactile-lushui\白色开口大碗\S0329.txt","117210","72D553E4EE6C0994F884797C5D4DE67CBB115F3053D02F93D11AC9724BBF0F8E"
"43","OBJ003","白色开口大碗","13-滑移.txt","S0330.txt","tactile-lushui\白色开口大碗\13-滑移.txt","tactile-lushui\白色开口大碗\S0330.txt","114288","AFAD3583BC996E677C658353F2164EB41FD67A4F7ADAA5BF241F1A1CD9E7FD2E"
"44","OBJ003","白色开口大碗","14-浑浊.txt","S0331.txt","tactile-lushui\白色开口大碗\14-浑浊.txt","tactile-lushui\白色开口大碗\S0331.txt","117360","B8233C372D8829E2B3384B108EE7F8E93F4CF7B5E912658B691DDBFFD89A29DE"
"45","OBJ003","白色开口大碗","15-浑浊.txt","S0332.txt","tactile-lushui\白色开口大碗\15-浑浊.txt","tactile-lushui\白色开口大碗\S0332.txt","120989","4B46292AF3327B3FA0FBE33C68166C6107D803D2417490104597ED7874213F7A"
"46","OBJ003","白色开口大碗","不同摆放1-补.txt","S0333.txt","tactile-lushui\白色开口大碗\不同摆放1-补.txt","tactile-lushui\白色开口大碗\S0333.txt","111316","120F4A612229D09D3EBB6772A1070B247220D0917CBC739B28D1136AE89B78A5"
"47","OBJ003","白色开口大碗","不同摆放2-补.txt","S0334.txt","tactile-lushui\白色开口大碗\不同摆放2-补.txt","tactile-lushui\白色开口大碗\S0334.txt","133571","D54A6F9E1389E0649B7877E2C1D7B8F75EA47FB570F77FE2DED55A5AC755CAC6"
"48","OBJ004","锤纹带把杯","1.txt","S0335.txt","tactile-lushui\锤纹带把杯\1.txt","tactile-lushui\锤纹带把杯\S0335.txt","121810","F83AEAB56A6FE2A629C4C3CA640E166D1C8EED953C95A46295FA7881AEB25365"
"49","OBJ004","锤纹带把杯","2.txt","S0336.txt","tactile-lushui\锤纹带把杯\2.txt","tactile-lushui\锤纹带把杯\S0336.txt","122280","1AADB846DA3BB18254C3D574A7690A7E913EBA8BC342B883FD0646132375B978"
"50","OBJ004","锤纹带把杯","3.txt","S0337.txt","tactile-lushui\锤纹带把杯\3.txt","tactile-lushui\锤纹带把杯\S0337.txt","123753","79AFB0B1BB283B54E4482640C458130C02E0762AEC891E4FBBFCB99509F653E7"
"51","OBJ004","锤纹带把杯","4.txt","S0338.txt","tactile-lushui\锤纹带把杯\4.txt","tactile-lushui\锤纹带把杯\S0338.txt","124232","08EA14EE858E2D4BBB84745FC2C78591EEDBF80C30B9AED0249FFF82F86B53B8"
"52","OBJ004","锤纹带把杯","5.txt","S0339.txt","tactile-lushui\锤纹带把杯\5.txt","tactile-lushui\锤纹带把杯\S0339.txt","120541","681B54A1515AF49A7853C1197EA3F05146F858AA4E436426EAA68968BFB3F9B4"
"53","OBJ004","锤纹带把杯","6.txt","S0340.txt","tactile-lushui\锤纹带把杯\6.txt","tactile-lushui\锤纹带把杯\S0340.txt","123428","CEC0E6394A486F3CA03EB727896270E20B7252F8C9F4C8029361163AA9F36D12"
"54","OBJ004","锤纹带把杯","7.txt","S0341.txt","tactile-lushui\锤纹带把杯\7.txt","tactile-lushui\锤纹带把杯\S0341.txt","125632","08BBD96EC69B652DF9C4E5CCEF883B890C141B2491004C17EBD427ADB8442271"
"55","OBJ004","锤纹带把杯","8-进水速度快.txt","S0342.txt","tactile-lushui\锤纹带把杯\8-进水速度快.txt","tactile-lushui\锤纹带把杯\S0342.txt","118586","DE94DCA260680FA4FEB249417D3517B0C0984143169A8B997D3ECB58AC7D982E"
"56","OBJ004","锤纹带把杯","9-进水速度快.txt","S0343.txt","tactile-lushui\锤纹带把杯\9-进水速度快.txt","tactile-lushui\锤纹带把杯\S0343.txt","123122","013BAD4A1A99681276EE465AE77086A9F029923563C6CBD1B9253DA859B5E54B"
"57","OBJ004","锤纹带把杯","10-进水速度快.txt","S0344.txt","tactile-lushui\锤纹带把杯\10-进水速度快.txt","tactile-lushui\锤纹带把杯\S0344.txt","121171","205F60518420EAA0915395BBC621433AD996B904981C4DAF1CC6CFA868C01BC9"
"58","OBJ004","锤纹带把杯","11-不同摆放.txt","S0345.txt","tactile-lushui\锤纹带把杯\11-不同摆放.txt","tactile-lushui\锤纹带把杯\S0345.txt","119844","CDB7900751F7E3727E5CEBC29F060A742C56C969A7519A9A2531D63EE2D0E832"
"59","OBJ004","锤纹带把杯","12-不同摆放.txt","S0346.txt","tactile-lushui\锤纹带把杯\12-不同摆放.txt","tactile-lushui\锤纹带把杯\S0346.txt","123402","0FC786CA9A1949C978272A07373A2BF9D74302506C0A6598847C2DA3040C6A74"
"60","OBJ004","锤纹带把杯","13-滑移.txt","S0347.txt","tactile-lushui\锤纹带把杯\13-滑移.txt","tactile-lushui\锤纹带把杯\S0347.txt","116819","441486CAEB7F2A725C965BB00948D522C72327C2E6BFBD3A1B9207418F965AE9"
"61","OBJ004","锤纹带把杯","14-浑浊.txt","S0348.txt","tactile-lushui\锤纹带把杯\14-浑浊.txt","tactile-lushui\锤纹带把杯\S0348.txt","123990","423849DAD4F7008142CBD113044A8DD64F440FDA50AD9C536A8A06A1B0238A72"
"62","OBJ004","锤纹带把杯","15-浑浊.txt","S0349.txt","tactile-lushui\锤纹带把杯\15-浑浊.txt","tactile-lushui\锤纹带把杯\S0349.txt","121563","6BD8FA78989BBBB30EE15C8C64A2614DD215CEB99FF4E3B0C150D57375D2B2A2"
"63","OBJ005","黑色碗","1.txt","S0350.txt","tactile-lushui\黑色碗\1.txt","tactile-lushui\黑色碗\S0350.txt","113258","9D4D253637CF3AD5A13849AFC74640F7DC8BD7A6119F672344EFC1B7D22B3A28"
"64","OBJ005","黑色碗","2.txt","S0351.txt","tactile-lushui\黑色碗\2.txt","tactile-lushui\黑色碗\S0351.txt","118174","24D4C22D7C8DE87DC35DFD55E397112A7BB8EC1369E1D5FAE794A67A66CF0FF4"
"65","OBJ005","黑色碗","3.txt","S0352.txt","tactile-lushui\黑色碗\3.txt","tactile-lushui\黑色碗\S0352.txt","117991","7CC84887A7DBF85698A97B0D476D67143493FC04239BA08FB5E99EAFD6D49F1B"
"66","OBJ005","黑色碗","4.txt","S0353.txt","tactile-lushui\黑色碗\4.txt","tactile-lushui\黑色碗\S0353.txt","118717","8FEDF263FC0A2D9586D95FE8EDA8F64F263974F924FFAB7A112692093C6DBCAE"
"67","OBJ005","黑色碗","5.txt","S0354.txt","tactile-lushui\黑色碗\5.txt","tactile-lushui\黑色碗\S0354.txt","118626","3F376AEA1EB5362918DDFB0771776B5A660D31C233722CA0934C57733834DE59"
"68","OBJ005","黑色碗","6-滑落.txt","S0355.txt","tactile-lushui\黑色碗\6-滑落.txt","tactile-lushui\黑色碗\S0355.txt","116545","09F395F4C0F5ACCAF02C4CDBF609AFC1BACB6A33AB84E30C937BA3E19829CBC2"
"69","OBJ005","黑色碗","7.txt","S0356.txt","tactile-lushui\黑色碗\7.txt","tactile-lushui\黑色碗\S0356.txt","116091","238A7B5C0232F96D48F65AEE700DB05240AD2D5053FC2C88CA52C8DDDAC29DBF"
"70","OBJ005","黑色碗","8.txt","S0357.txt","tactile-lushui\黑色碗\8.txt","tactile-lushui\黑色碗\S0357.txt","116685","7352BC8C2622AED915B4F382F2E160638A0F071183657C84342DF0E06FEED8DB"
"71","OBJ005","黑色碗","9.txt","S0358.txt","tactile-lushui\黑色碗\9.txt","tactile-lushui\黑色碗\S0358.txt","114357","1C06EBE18C6B7B9AD690C570D007641B4D505CB4E94B788D9D2B00B08F7254A1"
"72","OBJ005","黑色碗","10-滑落.txt","S0359.txt","tactile-lushui\黑色碗\10-滑落.txt","tactile-lushui\黑色碗\S0359.txt","115840","FE52370A710E40235BC506A577954E2F41F4F66C5EEBC557E59DA4F9CCEDEFE1"
"73","OBJ005","黑色碗","11-进水速度快.txt","S0360.txt","tactile-lushui\黑色碗\11-进水速度快.txt","tactile-lushui\黑色碗\S0360.txt","118454","AEB80F5CBB0D6FFEB0E2EA3BB3411FF7EB945EC96B98F154D7FB07B5EEA968EA"
"74","OBJ005","黑色碗","12-进水速度快.txt","S0361.txt","tactile-lushui\黑色碗\12-进水速度快.txt","tactile-lushui\黑色碗\S0361.txt","119196","25843E841F55E55811D805939E094E9EB9ADA184875806E540D15CB96EC2207D"
"75","OBJ005","黑色碗","13-进水速度快.txt","S0362.txt","tactile-lushui\黑色碗\13-进水速度快.txt","tactile-lushui\黑色碗\S0362.txt","116432","0BD34F70424796FD2511BCC85FD0907A4F0194BE18DF66ADC81AD32E419AE121"
"76","OBJ005","黑色碗","14-浑浊.txt","S0363.txt","tactile-lushui\黑色碗\14-浑浊.txt","tactile-lushui\黑色碗\S0363.txt","109298","2857661C6E3ABBAD0B99074A9B008FDF5F1F0EAEA72643AFA3ECF692D7856098"
"77","OBJ005","黑色碗","15-浑浊.txt","S0364.txt","tactile-lushui\黑色碗\15-浑浊.txt","tactile-lushui\黑色碗\S0364.txt","118457","8561AF0C08B2217058142E45ED913D8847C2F9AF249084E904F1F1B21218596D"
"78","OBJ006","蓝色花瓶","1.txt","S0365.txt","tactile-lushui\蓝色花瓶\1.txt","tactile-lushui\蓝色花瓶\S0365.txt","120697","76E9662F49E637849B1FEAD5F2001ABAEE73A212FD2DDA28DF20CBC41AAD0895"
"79","OBJ006","蓝色花瓶","2.txt","S0366.txt","tactile-lushui\蓝色花瓶\2.txt","tactile-lushui\蓝色花瓶\S0366.txt","118265","C4829DB145DCC19256663AD10D72A713177D0C5512A93382C848B47EF2F14E3B"
"80","OBJ006","蓝色花瓶","3.txt","S0367.txt","tactile-lushui\蓝色花瓶\3.txt","tactile-lushui\蓝色花瓶\S0367.txt","119288","5C85197B29A7826CF03777DEAF7533CFCA4DDFEC65E8850C1D1AFD0112B709CB"
"81","OBJ006","蓝色花瓶","4.txt","S0368.txt","tactile-lushui\蓝色花瓶\4.txt","tactile-lushui\蓝色花瓶\S0368.txt","118169","1B333E4BC4279D07F5B17BA858929AA4B3CD8C85ABED69FCCD17730CE635BA2C"
"82","OBJ006","蓝色花瓶","5.txt","S0369.txt","tactile-lushui\蓝色花瓶\5.txt","tactile-lushui\蓝色花瓶\S0369.txt","116492","A93D002FD288D45E27D3C3E4C4F9BBC08A56F7AC9B26E9723D4A71FB64595B07"
"83","OBJ006","蓝色花瓶","6-滑移.txt","S0370.txt","tactile-lushui\蓝色花瓶\6-滑移.txt","tactile-lushui\蓝色花瓶\S0370.txt","120488","C027805A58FD6C4A92EF36AD958F5E01FE3E78157E8A05E4EFB2D56999928444"
"84","OBJ006","蓝色花瓶","7.txt","S0371.txt","tactile-lushui\蓝色花瓶\7.txt","tactile-lushui\蓝色花瓶\S0371.txt","121057","2EEF4276594DA98276E232C1D191C0D17389ECD82996C3A0F54583005676E683"
"85","OBJ006","蓝色花瓶","8.txt","S0372.txt","tactile-lushui\蓝色花瓶\8.txt","tactile-lushui\蓝色花瓶\S0372.txt","118237","1C319303C678189507B25BF19F7980852EA18CA5EAB27945FDC1E4F3A8A7BA8A"
"86","OBJ006","蓝色花瓶","9.txt","S0373.txt","tactile-lushui\蓝色花瓶\9.txt","tactile-lushui\蓝色花瓶\S0373.txt","115016","37F9CBE109C602F00E9E9CCEAAF24C889FDFCF4FA8F26D63A6FC6880F31AFF55"
"87","OBJ006","蓝色花瓶","10-进水速度快.txt","S0374.txt","tactile-lushui\蓝色花瓶\10-进水速度快.txt","tactile-lushui\蓝色花瓶\S0374.txt","112512","AD3BA4DA9095685165CAC0D810BB1D9D57B4C9DD279B86B08F98442393A8C053"
"88","OBJ006","蓝色花瓶","11-进水速度快.txt","S0375.txt","tactile-lushui\蓝色花瓶\11-进水速度快.txt","tactile-lushui\蓝色花瓶\S0375.txt","118173","99E78128BBE2456CA2E298BA6758072389EC1AFA465B6CE5E1DEBA3BEADE3A0D"
"89","OBJ006","蓝色花瓶","12-进水速度快.txt","S0376.txt","tactile-lushui\蓝色花瓶\12-进水速度快.txt","tactile-lushui\蓝色花瓶\S0376.txt","116169","2060CA95979ED3590C8FFF7D34C8474AE253987E7677C96A7EA55365B9C6C3E9"
"90","OBJ006","蓝色花瓶","13.txt","S0377.txt","tactile-lushui\蓝色花瓶\13.txt","tactile-lushui\蓝色花瓶\S0377.txt","117837","BCD54B1F97E7892A836E812116872E7DCAA317905250D31FDEA7C93E67E7A32C"
"91","OBJ006","蓝色花瓶","14-浑浊.txt","S0378.txt","tactile-lushui\蓝色花瓶\14-浑浊.txt","tactile-lushui\蓝色花瓶\S0378.txt","123614","277311929F86C117745363186CE404E16E98423752E9D432D82C91A019F6E6EB"
"92","OBJ006","蓝色花瓶","15-浑浊.txt","S0379.txt","tactile-lushui\蓝色花瓶\15-浑浊.txt","tactile-lushui\蓝色花瓶\S0379.txt","120102","F04596C392DA18008956CA248018452D3835301EA7AA32591B1D0F3D51EAB802"
"93","OBJ006","蓝色花瓶","不同摆放1-补.txt","S0380.txt","tactile-lushui\蓝色花瓶\不同摆放1-补.txt","tactile-lushui\蓝色花瓶\S0380.txt","116144","9B57DF0B07B2BF7D31202ABAA85CD04D2CEBAE8EE251AAA7F1E7764E4142910E"
"94","OBJ006","蓝色花瓶","不同摆放2-补.txt","S0381.txt","tactile-lushui\蓝色花瓶\不同摆放2-补.txt","tactile-lushui\蓝色花瓶\S0381.txt","113006","D7DED42DE21397016E0A31F41B2696A30744B4EE03425FB03548EB1C948E73AE"
"95","OBJ007","磨砂杯","1.txt","S0382.txt","tactile-lushui\磨砂杯\1.txt","tactile-lushui\磨砂杯\S0382.txt","113372","2CB273F8FBEBB68759DA8179FBF9B95F6F2A679979E7A74EE71EFF7CE799F9BD"
"96","OBJ007","磨砂杯","2.txt","S0383.txt","tactile-lushui\磨砂杯\2.txt","tactile-lushui\磨砂杯\S0383.txt","115737","CE90E05945055FEBEA9DC227C3B216C8F1961F3A93200E5DF2D615A29D1FBD90"
"97","OBJ007","磨砂杯","3.txt","S0384.txt","tactile-lushui\磨砂杯\3.txt","tactile-lushui\磨砂杯\S0384.txt","110145","FB510A763037F2CBB46A212DE99CDDCE9831360473FF1AE63CC6F47676C6756C"
"98","OBJ007","磨砂杯","4.txt","S0385.txt","tactile-lushui\磨砂杯\4.txt","tactile-lushui\磨砂杯\S0385.txt","111619","12C3992C4CAF080DD97DAE6CFBA1A836C715231684341040874D41FF72E2D970"
"99","OBJ007","磨砂杯","5.txt","S0386.txt","tactile-lushui\磨砂杯\5.txt","tactile-lushui\磨砂杯\S0386.txt","114989","961A049F6A5D717366FF8FEDA1F399FD3BD1D2AEAED1EE41CD1BC7330B8AC10E"
"100","OBJ007","磨砂杯","6-滑落.txt","S0387.txt","tactile-lushui\磨砂杯\6-滑落.txt","tactile-lushui\磨砂杯\S0387.txt","119041","6A7196FA9CE462076828C77E613134FF0472AB607359449E68D7266346A793D9"
"101","OBJ007","磨砂杯","7.txt","S0388.txt","tactile-lushui\磨砂杯\7.txt","tactile-lushui\磨砂杯\S0388.txt","115569","A6DFF40817352F85735B563EC428142473BCF63EB53287294953D1F9872FD03B"
"102","OBJ007","磨砂杯","8.txt","S0389.txt","tactile-lushui\磨砂杯\8.txt","tactile-lushui\磨砂杯\S0389.txt","116069","95CA52EF5A550A82A01470FFF4723F31B4171B8ACA86D29FDE6B40E66A552111"
"103","OBJ007","磨砂杯","9-不同摆放.txt","S0390.txt","tactile-lushui\磨砂杯\9-不同摆放.txt","tactile-lushui\磨砂杯\S0390.txt","122110","824E9AAABFD2768234C5DC506CE3CC6B08C96786644F0E39E80745458DD8C8F4"
"104","OBJ007","磨砂杯","10-不同摆放.txt","S0391.txt","tactile-lushui\磨砂杯\10-不同摆放.txt","tactile-lushui\磨砂杯\S0391.txt","117680","9DC6E1F20B4F7A5BAEE6889D03B04F6F3E7279355C5CA6011C7AB624733BC327"
"105","OBJ007","磨砂杯","11-进水速度快.txt","S0392.txt","tactile-lushui\磨砂杯\11-进水速度快.txt","tactile-lushui\磨砂杯\S0392.txt","115956","64C0389AB82627B8F756F44017339CDF5BDEA045B5C257BBF94A820F9969C2A6"
"106","OBJ007","磨砂杯","12-进水速度快.txt","S0393.txt","tactile-lushui\磨砂杯\12-进水速度快.txt","tactile-lushui\磨砂杯\S0393.txt","118468","4EC594DDE5F838C3033D830C550B8C806D6BAE6764B26C4D2F6A8670A7231FA4"
"107","OBJ007","磨砂杯","13-进水速度快.txt","S0394.txt","tactile-lushui\磨砂杯\13-进水速度快.txt","tactile-lushui\磨砂杯\S0394.txt","110876","7B9731E528463602A0DAE4E656EE09993B58552FF19EC8D439D6CF658EC2F9B6"
"108","OBJ007","磨砂杯","14-浑浊.txt","S0395.txt","tactile-lushui\磨砂杯\14-浑浊.txt","tactile-lushui\磨砂杯\S0395.txt","117192","65D8F0D5A20367557F1F164A21589B2BC3D40864397F713943320E57F1D98FB8"
"109","OBJ007","磨砂杯","15-浑浊.txt","S0396.txt","tactile-lushui\磨砂杯\15-浑浊.txt","tactile-lushui\磨砂杯\S0396.txt","114000","15B41F57328975BC0B6094F23FF56FCAD1D091C7E124AD69A480E91137FA74F4"
"110","OBJ008","莫斯利安","1.txt","S0397.txt","tactile-lushui\莫斯利安\1.txt","tactile-lushui\莫斯利安\S0397.txt","120806","842058E76A92535378A63C434B045A2FCC7B8049631E6C30C2DBDAD825D012F6"
"111","OBJ008","莫斯利安","2.txt","S0398.txt","tactile-lushui\莫斯利安\2.txt","tactile-lushui\莫斯利安\S0398.txt","118171","6B9DEA02F0E4F6A42ED0F8F645FACEA9F5162E2055658F5CED119032678E03C0"
"112","OBJ008","莫斯利安","3.txt","S0399.txt","tactile-lushui\莫斯利安\3.txt","tactile-lushui\莫斯利安\S0399.txt","118766","DCB8748ED2DCAF4E7B9E35A8165E26B97E6E27026E08FF5941918D14DA23129E"
"113","OBJ008","莫斯利安","4.txt","S0400.txt","tactile-lushui\莫斯利安\4.txt","tactile-lushui\莫斯利安\S0400.txt","116814","985816E648C103836774ECEB6829E209D5E4CD3ADC4AFA616995C6B0CFB3C1E5"
"114","OBJ008","莫斯利安","5.txt","S0401.txt","tactile-lushui\莫斯利安\5.txt","tactile-lushui\莫斯利安\S0401.txt","117147","B7BD1BBE8E3FC0C172EA72A96F902FE24555018A6C887FB9818A69CAFB85AB30"
"115","OBJ008","莫斯利安","6.txt","S0402.txt","tactile-lushui\莫斯利安\6.txt","tactile-lushui\莫斯利安\S0402.txt","116867","62DD47AAD7846018201614988591A48030D8DBCF07C9BB0E15FCDBA9C1FA16B1"
"116","OBJ008","莫斯利安","7.txt","S0403.txt","tactile-lushui\莫斯利安\7.txt","tactile-lushui\莫斯利安\S0403.txt","117467","A3DAB55F31FF357929E5662153D819D34C1D3F5D8395E99157224DADEC38063B"
"117","OBJ008","莫斯利安","8.txt","S0404.txt","tactile-lushui\莫斯利安\8.txt","tactile-lushui\莫斯利安\S0404.txt","118665","AD30F80C7EC0B146CB9CF5C62A8D677536B5DDD9FB9539351F01A7EFA80C189A"
"118","OBJ008","莫斯利安","9.txt","S0405.txt","tactile-lushui\莫斯利安\9.txt","tactile-lushui\莫斯利安\S0405.txt","117248","11F1912B932E03616A709E19EE94C36F41E091FBA5DD60786A61B551A5246655"
"119","OBJ008","莫斯利安","10-进水速度快.txt","S0406.txt","tactile-lushui\莫斯利安\10-进水速度快.txt","tactile-lushui\莫斯利安\S0406.txt","116516","5E70B830140BD9C259C457831CCB8FA957786163FCC16CB86C20AE7A78D2C7EC"
"120","OBJ008","莫斯利安","11-进水速度快.txt","S0407.txt","tactile-lushui\莫斯利安\11-进水速度快.txt","tactile-lushui\莫斯利安\S0407.txt","116212","88713F13B965C204CD059BF3A832DADF47DCCD83CB4A176D51C64EAE02A2A39D"
"121","OBJ008","莫斯利安","12-进水速度快.txt","S0408.txt","tactile-lushui\莫斯利安\12-进水速度快.txt","tactile-lushui\莫斯利安\S0408.txt","117883","DB8C01276B244776023816EBD7F19AB53FF0755B1DBBD8B823CED642FE6D3272"
"122","OBJ008","莫斯利安","13-滑移.txt","S0409.txt","tactile-lushui\莫斯利安\13-滑移.txt","tactile-lushui\莫斯利安\S0409.txt","113088","4AEA18F64D364231BA1B46F55AB3B7DF6D07BC62A52E58112C32155DAFA1150E"
"123","OBJ008","莫斯利安","14-浑浊.txt","S0410.txt","tactile-lushui\莫斯利安\14-浑浊.txt","tactile-lushui\莫斯利安\S0410.txt","122298","7CE689E0A655E16BCB1E7578D32D6FDCD9E48ECAF67764E4D1E59F715FA4EF69"
"124","OBJ008","莫斯利安","15-浑浊.txt","S0411.txt","tactile-lushui\莫斯利安\15-浑浊.txt","tactile-lushui\莫斯利安\S0411.txt","121097","9619510B02CD8B42FF36EBAB3BD80A4F1FA7D301D60F4C3EA3BF60C1CD8F71E7"
"125","OBJ009","牛乳瓶","1.txt","S0412.txt","tactile-lushui\牛乳瓶\1.txt","tactile-lushui\牛乳瓶\S0412.txt","122534","A4C31C68732C587826D0D400A36DED60B3FC54FCD6AAA79CF76B60D5BC0FAF20"
"126","OBJ009","牛乳瓶","2.txt","S0413.txt","tactile-lushui\牛乳瓶\2.txt","tactile-lushui\牛乳瓶\S0413.txt","123233","FAADD72FF0129609A85264BDA1BA29D84B6240B8F1D123182A54F9E02E2F671C"
"127","OBJ009","牛乳瓶","3.txt","S0414.txt","tactile-lushui\牛乳瓶\3.txt","tactile-lushui\牛乳瓶\S0414.txt","123606","71138567AE312049FEA5DEAF6D345F5FEBB2F23A9D30503AD319EF6C7D9A86DA"
"128","OBJ009","牛乳瓶","4.txt","S0415.txt","tactile-lushui\牛乳瓶\4.txt","tactile-lushui\牛乳瓶\S0415.txt","123555","84B5C8D1FC52C9736083708503D4F40044EA402C8289BB1B0AC3E93939732351"
"129","OBJ009","牛乳瓶","5.txt","S0416.txt","tactile-lushui\牛乳瓶\5.txt","tactile-lushui\牛乳瓶\S0416.txt","118989","C0584EC4848B1423829D6DFD6ECAA1CE07C333BB9095CB16273A1493923338AE"
"130","OBJ009","牛乳瓶","6.txt","S0417.txt","tactile-lushui\牛乳瓶\6.txt","tactile-lushui\牛乳瓶\S0417.txt","121954","48B7B46778C24B6CAD2253DBF078DA6FCCEAB76134E33BBA936967065D929505"
"131","OBJ009","牛乳瓶","7.txt","S0418.txt","tactile-lushui\牛乳瓶\7.txt","tactile-lushui\牛乳瓶\S0418.txt","121821","EB52E9C2DE8D03A160168E0DCC2A8B6AFBF9A45C1AF34BCF3B83930E4F9372E9"
"132","OBJ009","牛乳瓶","8.txt","S0419.txt","tactile-lushui\牛乳瓶\8.txt","tactile-lushui\牛乳瓶\S0419.txt","120949","ADEA1EEDAB62F98C10133725DFBAA0D9EBED6A1FCE8692AE1DA64779E1246089"
"133","OBJ009","牛乳瓶","9.txt","S0420.txt","tactile-lushui\牛乳瓶\9.txt","tactile-lushui\牛乳瓶\S0420.txt","120557","639D08C3B013E17BD123D5195C155DF321AC4F8173215F80F823FF878DBC98B7"
"134","OBJ009","牛乳瓶","10-进水速度快.txt","S0421.txt","tactile-lushui\牛乳瓶\10-进水速度快.txt","tactile-lushui\牛乳瓶\S0421.txt","120829","0CC38CC5D96EB88573F8960ABD62ECCA5CE7A798E89A2E82AD86941E0953808E"
"135","OBJ009","牛乳瓶","11-进水速度快.txt","S0422.txt","tactile-lushui\牛乳瓶\11-进水速度快.txt","tactile-lushui\牛乳瓶\S0422.txt","126076","946A0D1B09BA3D5A49D2137B96FD01E7566F93FF4B90491DD34A1B2F3893943B"
"136","OBJ009","牛乳瓶","12-进水速度快.txt","S0423.txt","tactile-lushui\牛乳瓶\12-进水速度快.txt","tactile-lushui\牛乳瓶\S0423.txt","122948","5ADEF7A32926A529A536D6050D7C96A016080FF7289A09390A3C8056CD5A5317"
"137","OBJ009","牛乳瓶","13-滑移.txt","S0424.txt","tactile-lushui\牛乳瓶\13-滑移.txt","tactile-lushui\牛乳瓶\S0424.txt","120511","AB113DB01F7B86DF2C55CF6B2D3F542F16933D11776C34B4D7EF7699754A0479"
"138","OBJ009","牛乳瓶","14-浑浊.txt","S0425.txt","tactile-lushui\牛乳瓶\14-浑浊.txt","tactile-lushui\牛乳瓶\S0425.txt","121629","F5AF1A212F6CD985EF674ADAF2482B8D9E4192B030FAABFB33DD8923D6F7708D"
"139","OBJ009","牛乳瓶","15-浑浊.txt","S0426.txt","tactile-lushui\牛乳瓶\15-浑浊.txt","tactile-lushui\牛乳瓶\S0426.txt","123965","E50D96FA4B441F2DEE6A90C77F20C7C3726611E844D4F92050574BE1B06F9529"
"140","OBJ010","浅灰色花瓶","1.txt","S0427.txt","tactile-lushui\浅灰色花瓶\1.txt","tactile-lushui\浅灰色花瓶\S0427.txt","120587","A8679045269889E6DDCA8664EF5BCBD4D3C91CFB63893D08660B12D923F356E0"
"141","OBJ010","浅灰色花瓶","2.txt","S0428.txt","tactile-lushui\浅灰色花瓶\2.txt","tactile-lushui\浅灰色花瓶\S0428.txt","119390","3BAAB643953149C975D91922513C977EA86E6C9DF4E88929D067E4A1BBCF8152"
"142","OBJ010","浅灰色花瓶","3.txt","S0429.txt","tactile-lushui\浅灰色花瓶\3.txt","tactile-lushui\浅灰色花瓶\S0429.txt","122711","8ABFDFE66F6FB3C7CE0DCAED9867FA4175E8EE3CCDE67A30F6E50CEE25A2DE51"
"143","OBJ010","浅灰色花瓶","4.txt","S0430.txt","tactile-lushui\浅灰色花瓶\4.txt","tactile-lushui\浅灰色花瓶\S0430.txt","121093","DB44BB79E4D3B2F05DE2A57C7F89050E62584D887B2F4A5186DFB0BD1A6C3DE7"
"144","OBJ010","浅灰色花瓶","5.txt","S0431.txt","tactile-lushui\浅灰色花瓶\5.txt","tactile-lushui\浅灰色花瓶\S0431.txt","117933","194802D595C908ECF217BC83FA96B62984480DB1FC1132E41EF7580A88E67138"
"145","OBJ010","浅灰色花瓶","6.txt","S0432.txt","tactile-lushui\浅灰色花瓶\6.txt","tactile-lushui\浅灰色花瓶\S0432.txt","121287","F92F0162D211E6BF519633C906E36254E88DC14D7AB1C7CF3926EC4DC9FB2C2B"
"146","OBJ010","浅灰色花瓶","7.txt","S0433.txt","tactile-lushui\浅灰色花瓶\7.txt","tactile-lushui\浅灰色花瓶\S0433.txt","121761","310581EC57DD1D206DA9E132F59B3DE251B4AE47D411CC4D96DE71D96B0C783E"
"147","OBJ010","浅灰色花瓶","8-进水速度快.txt","S0434.txt","tactile-lushui\浅灰色花瓶\8-进水速度快.txt","tactile-lushui\浅灰色花瓶\S0434.txt","119141","67D208B8BC623B23BE0CDDCC63EC470D983901D93E8625D93CE599B48B537AC9"
"148","OBJ010","浅灰色花瓶","9-进水速度快.txt","S0435.txt","tactile-lushui\浅灰色花瓶\9-进水速度快.txt","tactile-lushui\浅灰色花瓶\S0435.txt","119691","C567AA269D9C46C1FC2D5D5CC7E8B738B07943845BF4426CD934B68EE820AD55"
"149","OBJ010","浅灰色花瓶","10-进水速度快.txt","S0436.txt","tactile-lushui\浅灰色花瓶\10-进水速度快.txt","tactile-lushui\浅灰色花瓶\S0436.txt","123242","34D874DFDF60AC5E21C8A0771E6511F90719C3761126AAC2ACBEE6E080F3DD5C"
"150","OBJ010","浅灰色花瓶","11-滑动.txt","S0437.txt","tactile-lushui\浅灰色花瓶\11-滑动.txt","tactile-lushui\浅灰色花瓶\S0437.txt","116957","4C51A1C2CFAED468CDB45C06FFDFFEFD597EE08501721E9DDFFEFF6DF9E08857"
"151","OBJ010","浅灰色花瓶","12-不同摆放.txt","S0438.txt","tactile-lushui\浅灰色花瓶\12-不同摆放.txt","tactile-lushui\浅灰色花瓶\S0438.txt","118719","7CC5C21413126B69599393512C5BEA576795A5D48BFBB92FF7BE647B493CD0C7"
"152","OBJ010","浅灰色花瓶","13-不同摆放.txt","S0439.txt","tactile-lushui\浅灰色花瓶\13-不同摆放.txt","tactile-lushui\浅灰色花瓶\S0439.txt","124221","49C25D736ADC832592159A225821572B614AEE5E0BC3D42224AAD41CA95784D0"
"153","OBJ010","浅灰色花瓶","14-浑浊.txt","S0440.txt","tactile-lushui\浅灰色花瓶\14-浑浊.txt","tactile-lushui\浅灰色花瓶\S0440.txt","122682","20579D98D87AA0D91F6B1A03A54DF0B9C41A9FF22E968CF073C3539A1077D73C"
"154","OBJ010","浅灰色花瓶","15-浑浊.txt","S0441.txt","tactile-lushui\浅灰色花瓶\15-浑浊.txt","tactile-lushui\浅灰色花瓶\S0441.txt","126180","46D09DDC5B4152B9E902CBFE77F5B05B320D42E6CC2BE77B34E06138077BDE3B"
"155","OBJ011","雀巢优活","1.txt","S0442.txt","tactile-lushui\雀巢优活\1.txt","tactile-lushui\雀巢优活\S0442.txt","128440","475B2AFE059EE03BB582850C9CA9206FEF735C6AD0A0801DBA0658CB149C6FB8"
"156","OBJ011","雀巢优活","2.txt","S0443.txt","tactile-lushui\雀巢优活\2.txt","tactile-lushui\雀巢优活\S0443.txt","126415","3CA4B59A394DDBFB4FC2B9686C8537A5DF6C43A69F7EB38EDC93D528ED3159FA"
"157","OBJ011","雀巢优活","3.txt","S0444.txt","tactile-lushui\雀巢优活\3.txt","tactile-lushui\雀巢优活\S0444.txt","124221","9E420FAFB792CF66348580343ED4CB369E66212BC34D251CF0BC2D9F1A5A2510"
"158","OBJ011","雀巢优活","4.txt","S0445.txt","tactile-lushui\雀巢优活\4.txt","tactile-lushui\雀巢优活\S0445.txt","123865","74BE3D95788842E698194C858E5D3C87AB27E6C670DD117C3B63C6375511F8B4"
"159","OBJ011","雀巢优活","5-滑移.txt","S0446.txt","tactile-lushui\雀巢优活\5-滑移.txt","tactile-lushui\雀巢优活\S0446.txt","119588","E5C4B2335FAA1B6DC8716760FB931FD89079371FC92B14FCC040924FE29C8F5D"
"160","OBJ011","雀巢优活","6.txt","S0447.txt","tactile-lushui\雀巢优活\6.txt","tactile-lushui\雀巢优活\S0447.txt","123803","308231A5F8933B60ECA99237A1B2F2635C04EBE8673D1F96DE194A20D758BE28"
"161","OBJ011","雀巢优活","7-滑移.txt","S0448.txt","tactile-lushui\雀巢优活\7-滑移.txt","tactile-lushui\雀巢优活\S0448.txt","116797","B84D8E76FD169D2AC5C35D65FE422AF941BA907EDB9681CF8ADD134B52366D4B"
"162","OBJ011","雀巢优活","8.txt","S0449.txt","tactile-lushui\雀巢优活\8.txt","tactile-lushui\雀巢优活\S0449.txt","126706","FBD64DD2334F1415736DD36647AE39033864A0F3CD09626ADC486E3ADAF5F664"
"163","OBJ011","雀巢优活","9.txt","S0450.txt","tactile-lushui\雀巢优活\9.txt","tactile-lushui\雀巢优活\S0450.txt","123021","14925C9A0D7CB1A4560BC44C87B245ECA487D7E233D29D4A1739B52119EC8179"
"164","OBJ011","雀巢优活","10.txt","S0451.txt","tactile-lushui\雀巢优活\10.txt","tactile-lushui\雀巢优活\S0451.txt","118084","0797C7ECD157EB965479A27957428FDE5B887AE19BCB83FB9A12C2C0535E360A"
"165","OBJ011","雀巢优活","11.txt","S0452.txt","tactile-lushui\雀巢优活\11.txt","tactile-lushui\雀巢优活\S0452.txt","119092","73DADF94D7681A5F537955EE3DD1CF92D29B019A76F145BFBEAA0B774E52B612"
"166","OBJ011","雀巢优活","12-进水速度快.txt","S0453.txt","tactile-lushui\雀巢优活\12-进水速度快.txt","tactile-lushui\雀巢优活\S0453.txt","118150","2D1DA4FAE1DE5D1B00B3A6FD26E5FD3343C89916DF90CF9CF2630EBF40E6998D"
"167","OBJ011","雀巢优活","13-进水速度快.txt","S0454.txt","tactile-lushui\雀巢优活\13-进水速度快.txt","tactile-lushui\雀巢优活\S0454.txt","125547","DDD0B05BB731D1ABE696720EC0A3DF7BD87DCA24258CA57BA4A2988C0CAA32AB"
"168","OBJ011","雀巢优活","14-浑浊.txt","S0455.txt","tactile-lushui\雀巢优活\14-浑浊.txt","tactile-lushui\雀巢优活\S0455.txt","118321","3C41A0E39FE0193ACF15677F75C794084BCC178E521161E367DB45C96F4561D9"
"169","OBJ011","雀巢优活","15-浑浊.txt","S0456.txt","tactile-lushui\雀巢优活\15-浑浊.txt","tactile-lushui\雀巢优活\S0456.txt","121911","0A9F4C37DAB4DBC06ABF541094ECB938286AC736D1A87DF9761074AD1E148D89"
"170","OBJ012","深绿色花瓶","1-不同摆放.txt","S0457.txt","tactile-lushui\深绿色花瓶\1-不同摆放.txt","tactile-lushui\深绿色花瓶\S0457.txt","120505","4F511EDBB2C43B1B642982691E7C8D57DD035BE01F18CEC571A0BC5ACB307B77"
"171","OBJ012","深绿色花瓶","2-不同摆放.txt","S0458.txt","tactile-lushui\深绿色花瓶\2-不同摆放.txt","tactile-lushui\深绿色花瓶\S0458.txt","126664","0D5F95218621EADCB9F6C71F17FCDAF7DFCBB7C0C973EB7C9F2B49E790FEBAB2"
"172","OBJ012","深绿色花瓶","3-滑落.txt","S0459.txt","tactile-lushui\深绿色花瓶\3-滑落.txt","tactile-lushui\深绿色花瓶\S0459.txt","123318","14AC4CCBDFF0A1E2FFB480977E0B66C95AC9EDDBB4D51F2AD37A7E5D1DA29B04"
"173","OBJ012","深绿色花瓶","4.txt","S0460.txt","tactile-lushui\深绿色花瓶\4.txt","tactile-lushui\深绿色花瓶\S0460.txt","117152","5D61A7E650065C26BD91D9F78AB2FC975BC3F4A1A7D3DBD791F5263BA9B4879B"
"174","OBJ012","深绿色花瓶","5.txt","S0461.txt","tactile-lushui\深绿色花瓶\5.txt","tactile-lushui\深绿色花瓶\S0461.txt","118436","AEC9EE3BDA204B3517338A0DCC641B589CA13D2A708EA30748D8637DC3554139"
"175","OBJ012","深绿色花瓶","6.txt","S0462.txt","tactile-lushui\深绿色花瓶\6.txt","tactile-lushui\深绿色花瓶\S0462.txt","120335","09A96C7B3605C7D26698D715FB64836808A8A4EAE69458375746129B04E9A9F9"
"176","OBJ012","深绿色花瓶","7.txt","S0463.txt","tactile-lushui\深绿色花瓶\7.txt","tactile-lushui\深绿色花瓶\S0463.txt","123704","65D608B49BCF4C821F3BA966B289567A64846FFA57FCBF9ED99833B837FE106F"
"177","OBJ012","深绿色花瓶","8.txt","S0464.txt","tactile-lushui\深绿色花瓶\8.txt","tactile-lushui\深绿色花瓶\S0464.txt","124919","DAC7EEC8F744F63415AEACF206B61762777CDD1AF79BE8469551D37F65FEC115"
"178","OBJ012","深绿色花瓶","9.txt","S0465.txt","tactile-lushui\深绿色花瓶\9.txt","tactile-lushui\深绿色花瓶\S0465.txt","124486","85226B21E76E82331F6991081C7FD3E2A055877DFE81571AF851751F8A7FCB63"
"179","OBJ012","深绿色花瓶","10.txt","S0466.txt","tactile-lushui\深绿色花瓶\10.txt","tactile-lushui\深绿色花瓶\S0466.txt","120531","20A04B48D52CBFC975F19BB074B7396DB06B6632B6339A3DF33002AFAB13EC8C"
"180","OBJ012","深绿色花瓶","11-进水速度快.txt","S0467.txt","tactile-lushui\深绿色花瓶\11-进水速度快.txt","tactile-lushui\深绿色花瓶\S0467.txt","119117","67F8335152D9AD92DD15F490610BFAF63604B1801555734911265998CAC2F4FA"
"181","OBJ012","深绿色花瓶","12-进水速度快.txt","S0468.txt","tactile-lushui\深绿色花瓶\12-进水速度快.txt","tactile-lushui\深绿色花瓶\S0468.txt","118354","F2287159B2DFD99CCAB5AE2F7C6CD4468E4A6C0EC7E1B169CFF9CDFE50831F61"
"182","OBJ012","深绿色花瓶","13-进水速度快.txt","S0469.txt","tactile-lushui\深绿色花瓶\13-进水速度快.txt","tactile-lushui\深绿色花瓶\S0469.txt","121126","12D19BAE2D24050AEBB1B4F364B31EC1B5F9B8F9E0B82A1C4A1A71C90B57B7A8"
"183","OBJ012","深绿色花瓶","14-浑浊.txt","S0470.txt","tactile-lushui\深绿色花瓶\14-浑浊.txt","tactile-lushui\深绿色花瓶\S0470.txt","118417","C510AB984236840CD54112AAF180B6A2F699B12562333434BB8CCB59F5FD4EF2"
"184","OBJ012","深绿色花瓶","15-浑浊.txt","S0471.txt","tactile-lushui\深绿色花瓶\15-浑浊.txt","tactile-lushui\深绿色花瓶\S0471.txt","121259","5E6718BA472AB3D473F6C3E65750EF6046177ABF3FD7EC2251729CD4DF971A4C"
"185","OBJ012","深绿色花瓶","动态水流深绿色.txt","S0472.txt","tactile-lushui\深绿色花瓶\动态水流深绿色.txt","tactile-lushui\深绿色花瓶\S0472.txt","118327","A7C7DC675F043CED0C31F8E5919D748545C4FC01CBFA68C7783A3CF969C80A30"
"186","OBJ013","圆柱玻璃","1.txt","S0473.txt","tactile-lushui\圆柱玻璃\1.txt","tactile-lushui\圆柱玻璃\S0473.txt","120080","7784C68CD0A5EF86EEFC15B343A92C9395E28FE5DEE8C20FC30462B458B048A7"
"187","OBJ013","圆柱玻璃","2-滑落.txt","S0474.txt","tactile-lushui\圆柱玻璃\2-滑落.txt","tactile-lushui\圆柱玻璃\S0474.txt","122331","32526DA1EE35E59A538DB0325B15CB015372F66F32C5AB6A5FF42A8765585302"
"188","OBJ013","圆柱玻璃","3.txt","S0475.txt","tactile-lushui\圆柱玻璃\3.txt","tactile-lushui\圆柱玻璃\S0475.txt","119511","1DF8CFBF25E859FE5567C3F4B9AEE4787CEA5F09E5393B50271EAB4D02E56B79"
"189","OBJ013","圆柱玻璃","4.txt","S0476.txt","tactile-lushui\圆柱玻璃\4.txt","tactile-lushui\圆柱玻璃\S0476.txt","120242","2E850A9F300C8F7CCCB25EFF6C4604A906C831469F0C7A6D151B0EAE093C7EB3"
"190","OBJ013","圆柱玻璃","5.txt","S0477.txt","tactile-lushui\圆柱玻璃\5.txt","tactile-lushui\圆柱玻璃\S0477.txt","116244","399F22411CC415546931FA30FB77032143146323FADE9064A009DEE893B278F3"
"191","OBJ013","圆柱玻璃","6.txt","S0478.txt","tactile-lushui\圆柱玻璃\6.txt","tactile-lushui\圆柱玻璃\S0478.txt","120080","6FD3760A37CDDBE124A54719161B8BF83569F0A48BFE4CEB385A3E081D9E91C4"
"192","OBJ013","圆柱玻璃","7.txt","S0479.txt","tactile-lushui\圆柱玻璃\7.txt","tactile-lushui\圆柱玻璃\S0479.txt","117817","92287977BC023492497ABCBB1F931B6D1F1DF317871D0943B102A34E0A50ABFD"
"193","OBJ013","圆柱玻璃","8.txt","S0480.txt","tactile-lushui\圆柱玻璃\8.txt","tactile-lushui\圆柱玻璃\S0480.txt","118252","483829549BD030CD3BE32D50E056A5B565F943D7E7DC408333E89ECD3142B803"
"194","OBJ013","圆柱玻璃","9.txt","S0481.txt","tactile-lushui\圆柱玻璃\9.txt","tactile-lushui\圆柱玻璃\S0481.txt","117709","1993BF1E1BF9E9BB6F7B145150C3816E6191E8A4DA8CABB9C97F28088722EF98"
"195","OBJ013","圆柱玻璃","10.txt","S0482.txt","tactile-lushui\圆柱玻璃\10.txt","tactile-lushui\圆柱玻璃\S0482.txt","118882","587D370A9EC6A086AA19B08BA6A50482CA57F140C818832FFCC9F9F08C4B285E"
"196","OBJ013","圆柱玻璃","11-进水速度快.txt","S0483.txt","tactile-lushui\圆柱玻璃\11-进水速度快.txt","tactile-lushui\圆柱玻璃\S0483.txt","117776","035A6B3F697F050214E9D81E047477076A75E19B404812FFA89EB77B19ECCDC2"
"197","OBJ013","圆柱玻璃","12-进水速度快.txt","S0484.txt","tactile-lushui\圆柱玻璃\12-进水速度快.txt","tactile-lushui\圆柱玻璃\S0484.txt","117085","B455398663DF0D4081AA41FAF8617A58DD317757C21CDE379D871345A24D39E3"
"198","OBJ013","圆柱玻璃","13-进水速度快.txt","S0485.txt","tactile-lushui\圆柱玻璃\13-进水速度快.txt","tactile-lushui\圆柱玻璃\S0485.txt","117354","A77D780897A887B57B183DD8C146C2E404673B74A19FB5680452FCB9D6AC5A58"
"199","OBJ013","圆柱玻璃","14-浑浊.txt","S0486.txt","tactile-lushui\圆柱玻璃\14-浑浊.txt","tactile-lushui\圆柱玻璃\S0486.txt","117103","CEA09F8508F697EB704E92815960F7D65327E8D9035B44CC98F7611BD1D2F784"
"200","OBJ013","圆柱玻璃","15-浑浊.txt","S0487.txt","tactile-lushui\圆柱玻璃\15-浑浊.txt","tactile-lushui\圆柱玻璃\S0487.txt","120092","3D670BBD1899F4F96EAF7234CDC9B09E0153B69548817FFD62C6C1F550293328"
"201","OBJ014","圆柱硅胶白软","1.txt","S0488.txt","tactile-lushui\圆柱硅胶白软\1.txt","tactile-lushui\圆柱硅胶白软\S0488.txt","119871","CB1AAE868A09A8D000E15207316837338B184B01E3440870FB3B202570772443"
"202","OBJ014","圆柱硅胶白软","2.txt","S0489.txt","tactile-lushui\圆柱硅胶白软\2.txt","tactile-lushui\圆柱硅胶白软\S0489.txt","119621","26EDCCBE57CB2BACC90F399DEFD669E40C717CF57F291419724AFBA528D282AF"
"203","OBJ014","圆柱硅胶白软","3.txt","S0490.txt","tactile-lushui\圆柱硅胶白软\3.txt","tactile-lushui\圆柱硅胶白软\S0490.txt","114530","EC4B8667D821BC167EEFF0DF57A18A3FFE929FF327B15B12982D20430551D1A4"
"204","OBJ014","圆柱硅胶白软","4.txt","S0491.txt","tactile-lushui\圆柱硅胶白软\4.txt","tactile-lushui\圆柱硅胶白软\S0491.txt","119196","4DADB67E36B0754B5CC51EA60B031AE287FEDF2E2CBDB09B69037F170BB002CE"
"205","OBJ014","圆柱硅胶白软","5.txt","S0492.txt","tactile-lushui\圆柱硅胶白软\5.txt","tactile-lushui\圆柱硅胶白软\S0492.txt","118740","CCA89B458649510D0DD7D12C9B124EE1521BDBCCC288EC1EAE18F2C9F04BAD7D"
"206","OBJ014","圆柱硅胶白软","6.txt","S0493.txt","tactile-lushui\圆柱硅胶白软\6.txt","tactile-lushui\圆柱硅胶白软\S0493.txt","117398","3513E7F9A76E5C07C2017D3E27C58A8AF470D1A608CA15087D21F11870B05679"
"207","OBJ014","圆柱硅胶白软","7.txt","S0494.txt","tactile-lushui\圆柱硅胶白软\7.txt","tactile-lushui\圆柱硅胶白软\S0494.txt","119574","8D70FAA08EDA1DB6C4914932F68C0DDEDD1ED9EB9AD91F4E10B5F69F8AD6B801"
"208","OBJ014","圆柱硅胶白软","8.txt","S0495.txt","tactile-lushui\圆柱硅胶白软\8.txt","tactile-lushui\圆柱硅胶白软\S0495.txt","118767","3B25391B76296E8DB38F4C65FDE84E5B5240D248EA934063FDDA8AEBB70E04FE"
"209","OBJ014","圆柱硅胶白软","9.txt","S0496.txt","tactile-lushui\圆柱硅胶白软\9.txt","tactile-lushui\圆柱硅胶白软\S0496.txt","118540","B3D5AC26720D3F0866460964842BA33CE669F966A517C3E09FECC2FB10345B55"
"210","OBJ014","圆柱硅胶白软","10-进水速度快.txt","S0497.txt","tactile-lushui\圆柱硅胶白软\10-进水速度快.txt","tactile-lushui\圆柱硅胶白软\S0497.txt","119156","D8679BA796C08C1E21346B3C5CC1A4E5AAAB471A8E45A1831D8BA3E54A1CBACE"
"211","OBJ014","圆柱硅胶白软","11-进水速度快.txt","S0498.txt","tactile-lushui\圆柱硅胶白软\11-进水速度快.txt","tactile-lushui\圆柱硅胶白软\S0498.txt","119593","9A361A57EC5E4CE8B3E1EC655A376A9ED9C5CF56468BE2FB0BB3F0FEFB9604A2"
"212","OBJ014","圆柱硅胶白软","12-进水速度快.txt","S0499.txt","tactile-lushui\圆柱硅胶白软\12-进水速度快.txt","tactile-lushui\圆柱硅胶白软\S0499.txt","118298","5B08FB7916997B589F27E6F54417AA8B5EEAD66C6C33FF8A585C91BD2C158B8A"
"213","OBJ014","圆柱硅胶白软","13-滑落.txt","S0500.txt","tactile-lushui\圆柱硅胶白软\13-滑落.txt","tactile-lushui\圆柱硅胶白软\S0500.txt","114610","8204CE5ECFE25F6E183242E4B3DF469C7A7DA3520C722CD93709C6CB650AC957"
"214","OBJ014","圆柱硅胶白软","14-浑浊.txt","S0501.txt","tactile-lushui\圆柱硅胶白软\14-浑浊.txt","tactile-lushui\圆柱硅胶白软\S0501.txt","118093","01BD9B60617613D98B34CF9F1D6214A8A9E39721E0D616852F838ECCCF7EA9A4"
"215","OBJ014","圆柱硅胶白软","15-浑浊.txt","S0502.txt","tactile-lushui\圆柱硅胶白软\15-浑浊.txt","tactile-lushui\圆柱硅胶白软\S0502.txt","117604","D41009D6E6D2FAC9DCA2E1E623F8FD8556794C5522320A42968F418B4A938065"
"216","OBJ015","圆柱硅胶白硬","1-进水速度快.txt","S0503.txt","tactile-lushui\圆柱硅胶白硬\1-进水速度快.txt","tactile-lushui\圆柱硅胶白硬\S0503.txt","123227","6488FA90B3AE7D58BD0D240524EED2C6BF641D9AD8B6431CF66131B17A672914"
"217","OBJ015","圆柱硅胶白硬","2-进水速度快.txt","S0504.txt","tactile-lushui\圆柱硅胶白硬\2-进水速度快.txt","tactile-lushui\圆柱硅胶白硬\S0504.txt","119401","BEB9D7755303504C3222BBF8FBA4762F3F221B45389CCA75510EBA3335D69CBF"
"218","OBJ015","圆柱硅胶白硬","3-进水速度快.txt","S0505.txt","tactile-lushui\圆柱硅胶白硬\3-进水速度快.txt","tactile-lushui\圆柱硅胶白硬\S0505.txt","119121","56045DF048C4C4E211278132911485DC968DF92610E031222FC5AB2948247AC8"
"219","OBJ015","圆柱硅胶白硬","4.txt","S0506.txt","tactile-lushui\圆柱硅胶白硬\4.txt","tactile-lushui\圆柱硅胶白硬\S0506.txt","118005","97ED63127C7C0827A009D379E36A77BD08CDE62A7639EFE950197BB0CDF90E79"
"220","OBJ015","圆柱硅胶白硬","5.txt","S0507.txt","tactile-lushui\圆柱硅胶白硬\5.txt","tactile-lushui\圆柱硅胶白硬\S0507.txt","118874","695AB1921AE98939235FAEBA0F2047131539C11CA7C997FF48F84EAD80722853"
"221","OBJ015","圆柱硅胶白硬","6.txt","S0508.txt","tactile-lushui\圆柱硅胶白硬\6.txt","tactile-lushui\圆柱硅胶白硬\S0508.txt","119094","996973963E1DF3A00D8C5CC946CD576042FFDEC6D3D1D2E91F31CB9BC5C4352A"
"222","OBJ015","圆柱硅胶白硬","7.txt","S0509.txt","tactile-lushui\圆柱硅胶白硬\7.txt","tactile-lushui\圆柱硅胶白硬\S0509.txt","121954","1DDF8613AE426E71D4F28F37A6A578D2C1FFAB2B211F60A94A0A8F4E47D92C6B"
"223","OBJ015","圆柱硅胶白硬","8.txt","S0510.txt","tactile-lushui\圆柱硅胶白硬\8.txt","tactile-lushui\圆柱硅胶白硬\S0510.txt","120391","FBCEC5D3F3FF68F88F732AAAC6B6D318B89790D2C61888032912420B299A14A9"
"224","OBJ015","圆柱硅胶白硬","9.txt","S0511.txt","tactile-lushui\圆柱硅胶白硬\9.txt","tactile-lushui\圆柱硅胶白硬\S0511.txt","119382","BEEBA675949E48F15DF0BC190C2EF1C01998404D066760F512BB13E473D4ED93"
"225","OBJ015","圆柱硅胶白硬","10.txt","S0512.txt","tactile-lushui\圆柱硅胶白硬\10.txt","tactile-lushui\圆柱硅胶白硬\S0512.txt","120183","48DD700885CA9DF39638116F26750BAF6AA9A132F90B3D4D9ED008A6B9D61B96"
"226","OBJ015","圆柱硅胶白硬","11.txt","S0513.txt","tactile-lushui\圆柱硅胶白硬\11.txt","tactile-lushui\圆柱硅胶白硬\S0513.txt","121273","905D8D689F32473B83C50336D7218AB9D3E4C0C28953C32402B62D52BAF53D5A"
"227","OBJ015","圆柱硅胶白硬","12.txt","S0514.txt","tactile-lushui\圆柱硅胶白硬\12.txt","tactile-lushui\圆柱硅胶白硬\S0514.txt","117910","A0DAB5B14626FB9F66AA2B0BE08031F0F532E12DBD4FEAA4158EFA258986954B"
"228","OBJ015","圆柱硅胶白硬","13-滑落.txt","S0515.txt","tactile-lushui\圆柱硅胶白硬\13-滑落.txt","tactile-lushui\圆柱硅胶白硬\S0515.txt","125573","55B95B3531C7F54F93ABF8C75428C6F42480CE46A8295D1072644A42B5CE33FC"
"229","OBJ015","圆柱硅胶白硬","14-浑浊.txt","S0516.txt","tactile-lushui\圆柱硅胶白硬\14-浑浊.txt","tactile-lushui\圆柱硅胶白硬\S0516.txt","117383","5DCAE0807D7890BFF60F18CCFDD79ECD51CB5545C4B5E2CD12D64000455B837F"
"230","OBJ015","圆柱硅胶白硬","15-浑浊.txt","S0517.txt","tactile-lushui\圆柱硅胶白硬\15-浑浊.txt","tactile-lushui\圆柱硅胶白硬\S0517.txt","117441","3B6DC0EE019C5C9866E727C368176CD1DC483C1201C773EB80C8DCFE60D189BE"
"231","OBJ016","圆柱硅胶黑","1.txt","S0518.txt","tactile-lushui\圆柱硅胶黑\1.txt","tactile-lushui\圆柱硅胶黑\S0518.txt","115557","480C79DD370685EC294C9BD2DCDCE65676E206ED372C63830E5874D7A1595324"
"232","OBJ016","圆柱硅胶黑","2.txt","S0519.txt","tactile-lushui\圆柱硅胶黑\2.txt","tactile-lushui\圆柱硅胶黑\S0519.txt","115037","4BCD665A13CD1EDDB2AB3338EDF87A178FA99B1BC32BA32C332029806671A9CB"
"233","OBJ016","圆柱硅胶黑","3.txt","S0520.txt","tactile-lushui\圆柱硅胶黑\3.txt","tactile-lushui\圆柱硅胶黑\S0520.txt","113663","829902D169F54EE190F65D6D4E8A3821CDB9243FC3DA8DA751A177B0756680BB"
"234","OBJ016","圆柱硅胶黑","4.txt","S0521.txt","tactile-lushui\圆柱硅胶黑\4.txt","tactile-lushui\圆柱硅胶黑\S0521.txt","122866","A3A070D01E6DE0B38500A812786099995A07ED8D897B636F47D772D606A5BB8B"
"235","OBJ016","圆柱硅胶黑","5.txt","S0522.txt","tactile-lushui\圆柱硅胶黑\5.txt","tactile-lushui\圆柱硅胶黑\S0522.txt","117752","090EEEB88509B28B6E74021C5F4E53D9B1F3E132AA266BCD17E89B1C08887538"
"236","OBJ016","圆柱硅胶黑","6.txt","S0523.txt","tactile-lushui\圆柱硅胶黑\6.txt","tactile-lushui\圆柱硅胶黑\S0523.txt","116445","702DD5DCC10610105DDCA84835B59815307002CD3C9AF15834C88FB0A772274F"
"237","OBJ016","圆柱硅胶黑","7.txt","S0524.txt","tactile-lushui\圆柱硅胶黑\7.txt","tactile-lushui\圆柱硅胶黑\S0524.txt","116144","6B91F5BA47100FC157A858B4A9A5136125C870D90A586E0B9B4FC8CE6E05E892"
"238","OBJ016","圆柱硅胶黑","8.txt","S0525.txt","tactile-lushui\圆柱硅胶黑\8.txt","tactile-lushui\圆柱硅胶黑\S0525.txt","116222","0E4F8D3C9CAC9460FE79F6022AB0405A65B46833A8A6F0DD0D43AD9788A37825"
"239","OBJ016","圆柱硅胶黑","9.txt","S0526.txt","tactile-lushui\圆柱硅胶黑\9.txt","tactile-lushui\圆柱硅胶黑\S0526.txt","116866","F54676CBBDEC6A899EAE93AE653659918AA9B1F6E3148A0937A58B64958CEAF5"
"240","OBJ016","圆柱硅胶黑","10-进水速度快.txt","S0527.txt","tactile-lushui\圆柱硅胶黑\10-进水速度快.txt","tactile-lushui\圆柱硅胶黑\S0527.txt","123463","D20CF59799FE2F4214155FE11B3FEEA05BBD62C0CEA61A212F149C7C616F4CFD"
"241","OBJ016","圆柱硅胶黑","11-进水速度快.txt","S0528.txt","tactile-lushui\圆柱硅胶黑\11-进水速度快.txt","tactile-lushui\圆柱硅胶黑\S0528.txt","118270","7394ABAC93BBBA325DDF739990BF9815E974AC7FB17D73AF7885BBDE26033BB4"
"242","OBJ016","圆柱硅胶黑","12-进水速度快.txt","S0529.txt","tactile-lushui\圆柱硅胶黑\12-进水速度快.txt","tactile-lushui\圆柱硅胶黑\S0529.txt","117248","E6B488D4CC9A9AFC2F2207B350D29554EAB28F6F9F13D9C3A7938235B50D874C"
"243","OBJ016","圆柱硅胶黑","13-滑移.txt","S0530.txt","tactile-lushui\圆柱硅胶黑\13-滑移.txt","tactile-lushui\圆柱硅胶黑\S0530.txt","114376","44255E5D2C994FD44779A2B51738A6CD4B5035443D653C1B87AF61A21E335976"
"244","OBJ016","圆柱硅胶黑","14-浑浊.txt","S0531.txt","tactile-lushui\圆柱硅胶黑\14-浑浊.txt","tactile-lushui\圆柱硅胶黑\S0531.txt","118780","BAAF1838546C58B4140BDC288CAAD96E8B600F853B92F00B13139AEE40EA1BF9"
"245","OBJ016","圆柱硅胶黑","15-浑浊.txt","S0532.txt","tactile-lushui\圆柱硅胶黑\15-浑浊.txt","tactile-lushui\圆柱硅胶黑\S0532.txt","118777","461FB9303AD8C728F521F0480CD3CA5F076E751A43693241D257C4C625835F09"
"246","OBJ017","圆柱开口","1.txt","S0533.txt","tactile-lushui\圆柱开口\1.txt","tactile-lushui\圆柱开口\S0533.txt","111161","D625CA0595F575B38D65B89377C50A78CB1C94966BEC0BC7F07FD4EA06D45A4A"
"247","OBJ017","圆柱开口","2.txt","S0534.txt","tactile-lushui\圆柱开口\2.txt","tactile-lushui\圆柱开口\S0534.txt","108649","5229BE8C267AAC5CE3E2707E41187860A764D45988428DAADE90FA9F76252217"
"248","OBJ017","圆柱开口","3.txt","S0535.txt","tactile-lushui\圆柱开口\3.txt","tactile-lushui\圆柱开口\S0535.txt","109635","6B698B0BAABF2E561F2D43C72AA30251E6EAC029F13BBDC739BCA6D3B1BFCE23"
"249","OBJ017","圆柱开口","4.txt","S0536.txt","tactile-lushui\圆柱开口\4.txt","tactile-lushui\圆柱开口\S0536.txt","110062","5170CC63349094A1114CCDEB22E671B957B7F84238A1D723E6165ECA1E300E08"
"250","OBJ017","圆柱开口","5.txt","S0537.txt","tactile-lushui\圆柱开口\5.txt","tactile-lushui\圆柱开口\S0537.txt","111249","54E3D3103DA88CA4EFA2C5EFEE3464094932BCFF96DEF8C4241A2C763AA1DD39"
"251","OBJ017","圆柱开口","6.txt","S0538.txt","tactile-lushui\圆柱开口\6.txt","tactile-lushui\圆柱开口\S0538.txt","114468","DE08B1E2B50820A565DE537EA2AEB29B8BC27FD46FDC4E4648ACD28C5FC5ABE0"
"252","OBJ017","圆柱开口","7.txt","S0539.txt","tactile-lushui\圆柱开口\7.txt","tactile-lushui\圆柱开口\S0539.txt","112219","EF7C5F4EB1A75508AF53E81D60150EE300FF9744D8403FCA7A47AC7C53A24829"
"253","OBJ017","圆柱开口","8.txt","S0540.txt","tactile-lushui\圆柱开口\8.txt","tactile-lushui\圆柱开口\S0540.txt","113462","0AC4479A9960448F079FB995E19C5287983FA568B30180FB9A29A3EE92FB72E1"
"254","OBJ017","圆柱开口","9.txt","S0541.txt","tactile-lushui\圆柱开口\9.txt","tactile-lushui\圆柱开口\S0541.txt","108725","95861B9EC5A0AB4FC62F2E2406D0169542F536F3479BE02F3D98A3A1FFF93E3D"
"255","OBJ017","圆柱开口","10-进水速度快.txt","S0542.txt","tactile-lushui\圆柱开口\10-进水速度快.txt","tactile-lushui\圆柱开口\S0542.txt","108458","9765ECD8D28A81F37C082CA29368983165DF3385F706B2190DE9334150D205FB"
"256","OBJ017","圆柱开口","11-进水速度快.txt","S0543.txt","tactile-lushui\圆柱开口\11-进水速度快.txt","tactile-lushui\圆柱开口\S0543.txt","116598","73AEB6CF6DB07E513B99B46243E8643F384FE54505B1BAE9BD4FFB8DE085EC86"
"257","OBJ017","圆柱开口","12-进水速度快.txt","S0544.txt","tactile-lushui\圆柱开口\12-进水速度快.txt","tactile-lushui\圆柱开口\S0544.txt","111558","8C4067F79785139C50C4A9985F4BC06BD68C6FA1C4E89F2FE07C016303F8C1F8"
"258","OBJ017","圆柱开口","13-滑移.txt","S0545.txt","tactile-lushui\圆柱开口\13-滑移.txt","tactile-lushui\圆柱开口\S0545.txt","107015","6BCAFFB5D5C99E4E4D46861848260A5790B44903FBAE9A3FC05D337383093FE2"
"259","OBJ017","圆柱开口","14-浑浊.txt","S0546.txt","tactile-lushui\圆柱开口\14-浑浊.txt","tactile-lushui\圆柱开口\S0546.txt","113867","A5AA292AE2910771485E158B36B1B6F3EE0841B5C0E3F33A4BFDA956321E4536"
"260","OBJ017","圆柱开口","15-浑浊.txt","S0547.txt","tactile-lushui\圆柱开口\15-浑浊.txt","tactile-lushui\圆柱开口\S0547.txt","114367","5372A1AE8B37CA17EB7A102F89EBFB7D84D1D6C32429C18616D37D4265B1B893"
"261","OBJ017","圆柱开口","不同摆放1-补.txt","S0548.txt","tactile-lushui\圆柱开口\不同摆放1-补.txt","tactile-lushui\圆柱开口\S0548.txt","113300","3BBE6E1A3E2C8C22376F0D6E2665383C5509C5D6611DB562978856FC83E78434"
"262","OBJ017","圆柱开口","不同摆放2-补.txt","S0549.txt","tactile-lushui\圆柱开口\不同摆放2-补.txt","tactile-lushui\圆柱开口\S0549.txt","111769","2D5F485D43698F15088419CE54A45658ACE53AAF3BE09F22B7D81F1C24C563CC"
"263","OBJ018","圆柱磨砂","1.txt","S0550.txt","tactile-lushui\圆柱磨砂\1.txt","tactile-lushui\圆柱磨砂\S0550.txt","119645","11C90DB8A02D456D35A9868CE94418C63DA107F9C55E4960FCFF258D8693542A"
"264","OBJ018","圆柱磨砂","2.txt","S0551.txt","tactile-lushui\圆柱磨砂\2.txt","tactile-lushui\圆柱磨砂\S0551.txt","113549","B092C97542FDB09386DCAFB2768AD65AB3ECF8CACA42EC88FEE8FF7ED3D365DF"
"265","OBJ018","圆柱磨砂","3.txt","S0552.txt","tactile-lushui\圆柱磨砂\3.txt","tactile-lushui\圆柱磨砂\S0552.txt","118278","0D205F7DC6B9642E9F14291167623D6427831E6B347168D21E53363AAD3E998C"
"266","OBJ018","圆柱磨砂","4.txt","S0553.txt","tactile-lushui\圆柱磨砂\4.txt","tactile-lushui\圆柱磨砂\S0553.txt","117294","5D12D43016E51ACD42AFAD9F82A03AB096253625A8DD2C01A0B26591985C01ED"
"267","OBJ018","圆柱磨砂","5.txt","S0554.txt","tactile-lushui\圆柱磨砂\5.txt","tactile-lushui\圆柱磨砂\S0554.txt","118728","1528AA468D860040E677C7A3DDB9FB2CB99A3428BFA33561DE4A78506C4D3077"
"268","OBJ018","圆柱磨砂","6.txt","S0555.txt","tactile-lushui\圆柱磨砂\6.txt","tactile-lushui\圆柱磨砂\S0555.txt","119532","C3C30C9C944C543198E4CB2DCB3FB909DCF61FEA03DAC538042B0CE7032D2F01"
"269","OBJ018","圆柱磨砂","7.txt","S0556.txt","tactile-lushui\圆柱磨砂\7.txt","tactile-lushui\圆柱磨砂\S0556.txt","116959","94E2EE28CD5F702DAE2916069D41DEEC9F5054AF9C27C5448B503DBF99E07318"
"270","OBJ018","圆柱磨砂","8.txt","S0557.txt","tactile-lushui\圆柱磨砂\8.txt","tactile-lushui\圆柱磨砂\S0557.txt","114783","B5ED3A284CC255BB86E084B6112C9D9FF0B39857292A6E5E16DCAC921D76A091"
"271","OBJ018","圆柱磨砂","9.txt","S0558.txt","tactile-lushui\圆柱磨砂\9.txt","tactile-lushui\圆柱磨砂\S0558.txt","118131","E4161E9DB19B1090EEEDDF234AD376DED32F765BD3BACB57CBA1D005A30F013B"
"272","OBJ018","圆柱磨砂","10-进水速度快.txt","S0559.txt","tactile-lushui\圆柱磨砂\10-进水速度快.txt","tactile-lushui\圆柱磨砂\S0559.txt","120300","FED9828AE7A13D2EF28DFD87E9481668FF27D591E5FE4B80AB61340439C127B3"
"273","OBJ018","圆柱磨砂","11-进水速度快.txt","S0560.txt","tactile-lushui\圆柱磨砂\11-进水速度快.txt","tactile-lushui\圆柱磨砂\S0560.txt","120827","D544C597B96CCCBEE050E0851435FECBA4DDF30033E137675D0D25C13C43D674"
"274","OBJ018","圆柱磨砂","12-进水速度快.txt","S0561.txt","tactile-lushui\圆柱磨砂\12-进水速度快.txt","tactile-lushui\圆柱磨砂\S0561.txt","120626","F2C26E4478189B9135B1D7C7A010962A19AEF0598E83CF3F9AC9D8111BBAB7A0"
"275","OBJ018","圆柱磨砂","13-滑移.txt","S0562.txt","tactile-lushui\圆柱磨砂\13-滑移.txt","tactile-lushui\圆柱磨砂\S0562.txt","115659","F8895C5DD14480D0FDAE70FFBFA83B507D15A6E51A76DF6047A8BF6BF13E711D"
"276","OBJ018","圆柱磨砂","14-浑浊.txt","S0563.txt","tactile-lushui\圆柱磨砂\14-浑浊.txt","tactile-lushui\圆柱磨砂\S0563.txt","120664","10C3ADDD47C6C1BA54DB7B19C310D20E907848ACA99752192233FE5BD087E014"
"277","OBJ018","圆柱磨砂","15-浑浊.txt","S0564.txt","tactile-lushui\圆柱磨砂\15-浑浊.txt","tactile-lushui\圆柱磨砂\S0564.txt","114568","56E06959563209AB3F3268D425363BFE7F2DBB359878AE20D9DF7F806A829E0A"
