sample_id,video_path,tactile_path,object_id,water_condition,lift_speed,placement_variant,trial_result,t_start,t_contact_all,t_grasp_stable,t_if_enter,t_if_exit,t_end,notes,sync_offset_sec,sync_audit_status,sync_audit_note,
S0001,raw/videos/S0001.mp4,raw/tactile/S0001.txt,OBJ001,clear,normal,normal,stable,0,2.033,10.1,11.233,12.5,24.933,,0,verified_zero,,
S0002,raw/videos/S0002.mp4,raw/tactile/S0002.txt,OBJ001,clear,normal,normal,stable,0,2.067,10.7,11.333,12.667,24.933,,0,verified_zero,,
S0003,raw/videos/S0003.mp4,raw/tactile/S0003.txt,OBJ001,clear,normal,normal,stable,0,2.467,9.033,10.767,12.7,24.933,,0,verified_zero,,
S0004,raw/videos/S0004.mp4,raw/tactile/S0004.txt,OBJ001,clear,normal,normal,stable,0,2.067,8.733,10.2,12.5,24.933,,0,verified_zero,,
S0005,raw/videos/S0005.mp4,raw/tactile/S0005.txt,OBJ001,clear,normal,normal,fail,0,2.133,7.267,8.267,,9.733,,0,verified_zero,,
S0006,raw/videos/S0006.mp4,raw/tactile/S0006.txt,OBJ001,clear,normal,normal,stable,0,2.067,8.033,10.067,11.733,24.867,,0,verified_zero,,
S0007,raw/videos/S0007.mp4,raw/tactile/S0007.txt,OBJ001,clear,normal,normal,stable,0,2.4,7.767,9.167,11.3,23.367,,0,verified_zero,,
S0008,raw/videos/S0008.mp4,raw/tactile/S0008.txt,OBJ001,clear,normal,normal,stable,0,2.2,10.167,11.967,13.567,24.933,,0,verified_zero,,
S0009,raw/videos/S0009.mp4,raw/tactile/S0009.txt,OBJ001,clear,normal,normal,stable,0,1.967,9.2,11.2,12.8,24.933,,0,verified_zero,,
S0010,raw/videos/S0010.mp4,raw/tactile/S0010.txt,OBJ001,clear,normal,normal,stable,0,2.3,7.067,9.133,10.567,23.533,,0,verified_zero,,
S0011,raw/videos/S0011.mp4,raw/tactile/S0011.txt,OBJ001,clear,fast,normal,stable,0,3,7.867,9.833,10.7,17.9,,0,verified_zero,,
S0012,raw/videos/S0012.mp4,raw/tactile/S0012.txt,OBJ001,clear,fast,normal,stable,0,2.033,9.033,11.133,12.267,19.933,,0,verified_zero,,
S0013,raw/videos/S0013.mp4,raw/tactile/S0013.txt,OBJ001,clear,fast,normal,stable,0,2.467,8.233,9.867,11,18.9,,0,verified_zero,,
S0014,raw/videos/S0014.mp4,raw/tactile/S0014.txt,OBJ001,turbid,normal,normal,stable,0,2.3,8.433,9.767,11.7,24.433,,0,verified_zero,,
S0015,raw/videos/S0015.mp4,raw/tactile/S0015.txt,OBJ001,turbid,normal,normal,stable,0,2.033,8.433,9.8,11.3,24.067,,0,verified_zero,,
S0016,raw/videos/S0016.mp4,raw/tactile/S0016.txt,OBJ001,clear,normal,inverse,stable,0,2.1,7.467,10.167,11.733,23.967,,0,verified_zero,,
S0017,raw/videos/S0017.mp4,raw/tactile/S0017.txt,OBJ001,clear,normal,inverse,fail,0,2.167,6.267,8.033,,9.5,,1,manually_corrected,,"""anchors=t_end(drop),[ÖÁÉŮÁíŇ»¸öĂŞµă]; tactile occurs ~1.0s earlier than video across multiple anchors; shift tactile right by +1.000s"""
S0018,raw/videos/S0018.mp4,raw/tactile/S0018.txt,OBJ002,clear,normal,normal,stable,0,3.167,8.1,12.967,15,24.933,,0,verified_zero,,
S0019,raw/videos/S0019.mp4,raw/tactile/S0019.txt,OBJ002,clear,normal,normal,stable,0,3.167,7.2,11.433,13.233,24.9,,0,verified_zero,,
S0020,raw/videos/S0020.mp4,raw/tactile/S0020.txt,OBJ002,clear,normal,normal,stable,0,2.167,7.533,10.067,11.833,24.867,,0,verified_zero,,
S0021,raw/videos/S0021.mp4,raw/tactile/S0021.txt,OBJ002,clear,normal,normal,stable,0,3.4,7.4,9.933,11.8,24.633,,0,verified_zero,,
S0022,raw/videos/S0022.mp4,raw/tactile/S0022.txt,OBJ002,clear,normal,normal,stable,0,3.6,7.067,8.4,10.067,22.4,,0,verified_zero,,
S0023,raw/videos/S0023.mp4,raw/tactile/S0023.txt,OBJ002,clear,normal,normal,stable,0,3.633,6.6,8.067,9.9,22.7,,0,verified_zero,,
S0024,raw/videos/S0024.mp4,raw/tactile/S0024.txt,OBJ002,clear,normal,normal,stable,0,3.733,7.567,8.9,10.6,23.8,,0,verified_zero,,
S0025,raw/videos/S0025.mp4,raw/tactile/S0025.txt,OBJ002,clear,normal,rotate,stable,0,4.4,7.5,10.533,12.233,24.933,,0,verified_zero,,
S0026,raw/videos/S0026.mp4,raw/tactile/S0026.txt,OBJ002,clear,normal,rotate,stable,0,4.133,8.3,10.167,11.9,24.933,,0,verified_zero,,
S0027,raw/videos/S0027.mp4,raw/tactile/S0027.txt,OBJ002,clear,normal,rotate,stable,0,4.6,7.7,8.767,10.633,23.533,,0.3,manually_corrected,,
S0028,raw/videos/S0028.mp4,raw/tactile/S0028.txt,OBJ002,clear,fast,normal,stable,0,3.633,7.267,8.433,9.633,17.1,,0,verified_zero,,
S0029,raw/videos/S0029.mp4,raw/tactile/S0029.txt,OBJ002,clear,fast,normal,stable,0,2.9,6.533,8.367,9.733,16.733,,-0.5,manually_corrected,,
S0030,raw/videos/S0030.mp4,raw/tactile/S0030.txt,OBJ002,clear,normal,normal,stable,0,3.667,7.333,8.5,10.8,23.3,,0,verified_zero,,
S0031,raw/videos/S0031.mp4,raw/tactile/S0031.txt,OBJ002,turbid,normal,normal,stable,0,1.6,11.933,13.2,15.2,24.933,,0,verified_zero,,
S0032,raw/videos/S0032.mp4,raw/tactile/S0032.txt,OBJ002,turbid,normal,normal,stable,0,2,7.567,9.633,11.767,24.067,,0,verified_zero,,
S0033,raw/videos/S0033.mp4,raw/tactile/S0033.txt,OBJ002,clear,normal,inverse,fail,0,3,10.2,10.933,12.933,23.367,,0,verified_zero,,
S0034,raw/videos/S0034.mp4,raw/tactile/S0034.txt,OBJ003,clear,normal,normal,stable,0,1.333,8.633,9.9,11.5,24.7,,0,verified_zero,,
S0035,raw/videos/S0035.mp4,raw/tactile/S0035.txt,OBJ003,clear,normal,normal,fail,0,2.1,6.667,8.467,10.667,20.8,,0,verified_zero,,
S0036,raw/videos/S0036.mp4,raw/tactile/S0036.txt,OBJ003,clear,normal,normal,fail,0,2.867,6.633,8.433,,12.7,,0,verified_zero,,
S0037,raw/videos/S0037.mp4,raw/tactile/S0037.txt,OBJ003,clear,normal,normal,stable,0,2.1,8.7,9.7,11.933,24.267,,0,verified_zero,,
S0038,raw/videos/S0038.mp4,raw/tactile/S0038.txt,OBJ003,clear,normal,normal,stable,0,2.1,7.667,9.067,11.133,23.3,,0,verified_zero,,
S0039,raw/videos/S0039.mp4,raw/tactile/S0039.txt,OBJ003,clear,normal,normal,stable,0,2.1,7.9,10.3,12.233,24.767,,0,verified_zero,,
S0040,raw/videos/S0040.mp4,raw/tactile/S0040.txt,OBJ003,clear,normal,normal,stable,0,3.367,7.333,9.033,11.633,23.4,,0,verified_zero,,
S0041,raw/videos/S0041.mp4,raw/tactile/S0041.txt,OBJ003,clear,normal,normal,stable,0,3.667,9.233,10.933,12.933,24.933,,0,verified_zero,,
S0042,raw/videos/S0042.mp4,raw/tactile/S0042.txt,OBJ003,clear,normal,rotate,stable,0,2.333,6.967,9.4,11.4,23.333,,0,verified_zero,,
S0043,raw/videos/S0043.mp4,raw/tactile/S0043.txt,OBJ003,clear,normal,rotate,stable,0,4.233,6.767,9,10.933,23.7,,0,verified_zero,,
S0044,raw/videos/S0044.mp4,raw/tactile/S0044.txt,OBJ003,clear,fast,normal,stable,0,4.333,8.267,10.2,11.267,18.867,,0.4,manually_corrected,,
S0045,raw/videos/S0045.mp4,raw/tactile/S0045.txt,OBJ003,clear,fast,normal,stable,0,3.8,7.567,9.567,10.667,17.7,,0,verified_zero,,
S0046,raw/videos/S0046.mp4,raw/tactile/S0046.txt,OBJ003,clear,fast,normal,stable,0,4.1,7.5,9.1,10.567,17.933,,0,verified_zero,,
S0047,raw/videos/S0047.mp4,raw/tactile/S0047.txt,OBJ003,turbid,normal,normal,stable,0,1.433,9.133,11,13.533,24.9,,-0.6,manually_corrected,,
S0048,raw/videos/S0048.mp4,raw/tactile/S0048.txt,OBJ003,turbid,normal,normal,stable,0,1.7,8.733,10.333,12.433,24.8,,0,verified_zero,,
S0049,raw/videos/S0049.mp4,raw/tactile/S0049.txt,OBJ003,clear,normal,inverse,fail,0,1.267,7.333,8.5,10.967,13.967,,0,verified_zero,,
S0050,raw/videos/S0050.mp4,raw/tactile/S0050.txt,OBJ003,clear,normal,inverse,fail,0,1.833,10.1,12.6,14.767,16.867,,0,verified_zero,,
S0051,raw/videos/S0051.mp4,raw/tactile/S0051.txt,OBJ004,clear,normal,normal,stable,0,1.4,7.967,9.367,11.967,24.433,,0,verified_zero,,
S0052,raw/videos/S0052.mp4,raw/tactile/S0052.txt,OBJ004,clear,normal,normal,stable,0,1.433,7.667,9.633,11.733,23.7,,0,verified_zero,,
S0053,raw/videos/S0053.mp4,raw/tactile/S0053.txt,OBJ004,clear,normal,normal,stable,0,1.533,7.3,8.867,11.033,24.767,,0,verified_zero,,
S0054,raw/videos/S0054.mp4,raw/tactile/S0054.txt,OBJ004,clear,normal,normal,stable,0,1.567,7.867,8.9,10.967,24.933,,0,verified_zero,,
S0055,raw/videos/S0055.mp4,raw/tactile/S0055.txt,OBJ004,clear,normal,normal,stable,0,2.467,8.667,9.533,11.767,23.867,,0,verified_zero,,
S0056,raw/videos/S0056.mp4,raw/tactile/S0056.txt,OBJ004,clear,normal,normal,stable,0,2.233,7.333,9.3,11.567,23.933,,0,verified_zero,,
S0057,raw/videos/S0057.mp4,raw/tactile/S0057.txt,OBJ004,clear,normal,normal,stable,0,1.633,7.567,9.1,11.167,24.4,,0,verified_zero,,
S0058,raw/videos/S0058.mp4,raw/tactile/S0058.txt,OBJ004,clear,normal,rotate,stable,0,1.367,7.367,8.933,11.1,23.6,,0,verified_zero,,
S0059,raw/videos/S0059.mp4,raw/tactile/S0059.txt,OBJ004,clear,normal,rotate,stable,0,1.3,8.367,8.933,11.467,24.233,,0,verified_zero,,
S0060,raw/videos/S0060.mp4,raw/tactile/S0060.txt,OBJ004,clear,fast,normal,stable,0,1.433,7.267,8.5,10.2,18.467,,0,verified_zero,,
S0061,raw/videos/S0061.mp4,raw/tactile/S0061.txt,OBJ004,clear,fast,normal,stable,0,1.433,7.6,8.8,10.1,17.467,,0,verified_zero,,
S0062,raw/videos/S0062.mp4,raw/tactile/S0062.txt,OBJ004,clear,fast,normal,stable,0,1.667,8,9.733,11.133,18,,0,verified_zero,,
S0063,raw/videos/S0063.mp4,raw/tactile/S0063.txt,OBJ004,clear,normal,normal,fail,0,1.2,6.733,8.233,,10.233,,0,verified_zero,,
S0064,raw/videos/S0064.mp4,raw/tactile/S0064.txt,OBJ004,turbid,normal,normal,stable,0,3.167,9.933,10.967,13.433,24.9,,0,verified_zero,,
S0065,raw/videos/S0065.mp4,raw/tactile/S0065.txt,OBJ004,turbid,normal,normal,stable,0,2.433,7.633,9.267,11.633,23.867,,0,verified_zero,,
S0066,raw/videos/S0066.mp4,raw/tactile/S0066.txt,OBJ004,clear,normal,inverse,stable,0,1.867,7.2,8.5,10.833,22.733,,0,verified_zero,,
S0067,raw/videos/S0067.mp4,raw/tactile/S0067.txt,OBJ004,clear,normal,inverse,stable,0,1.833,7.367,8.2,10.667,22.567,,0,verified_zero,,
S0068,raw/videos/S0068.mp4,raw/tactile/S0068.txt,OBJ005,clear,normal,normal,stable,0,0.733,6.6,8.733,11.3,23.233,,0,verified_zero,,
S0069,raw/videos/S0069.mp4,raw/tactile/S0069.txt,OBJ005,clear,normal,normal,stable,0,3.1,6.767,10.233,12.833,24.833,,0,verified_zero,,
S0070,raw/videos/S0070.mp4,raw/tactile/S0070.txt,OBJ005,clear,normal,normal,stable,0,2.967,7.133,14.133,16.833,24.933,,0,verified_zero,,
S0071,raw/videos/S0071.mp4,raw/tactile/S0071.txt,OBJ005,clear,normal,normal,stable,0,2.233,7.567,8,10.5,23.367,,0,verified_zero,,
S0072,raw/videos/S0072.mp4,raw/tactile/S0072.txt,OBJ005,clear,normal,normal,stable,0,0.467,10.033,11.067,13.867,24.933,,0,verified_zero,,
S0073,raw/videos/S0073.mp4,raw/tactile/S0073.txt,OBJ005,clear,normal,normal,fail,0,0.467,5.833,7.633,,9.433,,0,verified_zero,,
S0074,raw/videos/S0074.mp4,raw/tactile/S0074.txt,OBJ005,clear,normal,normal,stable,0,0.567,6.667,8.1,10.633,22.733,,0,verified_zero,,
S0075,raw/videos/S0075.mp4,raw/tactile/S0075.txt,OBJ005,clear,normal,normal,stable,0,0.6,6.433,7.967,11.133,22.533,,0,verified_zero,,
S0076,raw/videos/S0076.mp4,raw/tactile/S0076.txt,OBJ005,clear,normal,normal,stable,0,0.533,6.833,8.167,11.667,22.033,,0,verified_zero,,
S0077,raw/videos/S0077.mp4,raw/tactile/S0077.txt,OBJ005,clear,normal,normal,stable,0,0.7,6.267,7.967,11.133,23.2,,0,verified_zero,,
S0078,raw/videos/S0078.mp4,raw/tactile/S0078.txt,OBJ005,clear,fast,normal,stable,0,0.8,6.633,9.133,11.067,18.567,,0,verified_zero,,
S0079,raw/videos/S0079.mp4,raw/tactile/S0079.txt,OBJ005,clear,fast,normal,stable,0,0.8,7.267,9.233,11.267,17.967,,0,verified_zero,,
S0080,raw/videos/S0080.mp4,raw/tactile/S0080.txt,OBJ005,clear,fast,normal,stable,0,1.033,7.267,10.233,12.467,18.967,,0,verified_zero,,
S0081,raw/videos/S0081.mp4,raw/tactile/S0081.txt,OBJ005,turbid,normal,normal,stable,0,0.633,8.633,9.667,11.867,24.133,,-0.4,manually_corrected,,
S0082,raw/videos/S0082.mp4,raw/tactile/S0082.txt,OBJ005,turbid,normal,normal,stable,0,0.6,8.033,9.7,12.2,24.633,,0,verified_zero,,
S0083,raw/videos/S0083.mp4,raw/tactile/S0083.txt,OBJ006,clear,normal,normal,stable,0,1.933,7.8,12.533,14.933,24.933,,0,verified_zero,,
S0084,raw/videos/S0084.mp4,raw/tactile/S0084.txt,OBJ006,clear,normal,normal,stable,0,2.267,7.9,9.367,11.467,23.5,,0,verified_zero,,
S0085,raw/videos/S0085.mp4,raw/tactile/S0085.txt,OBJ006,clear,normal,normal,stable,0,2,7.233,9.733,11.667,24.333,,0,verified_zero,,
S0086,raw/videos/S0086.mp4,raw/tactile/S0086.txt,OBJ006,clear,normal,normal,stable,0,3.033,7.367,9.733,11.767,24.933,,0,verified_zero,,
S0087,raw/videos/S0087.mp4,raw/tactile/S0087.txt,OBJ006,clear,normal,normal,stable,0,3.167,7.167,8.667,11.067,23.167,,0,verified_zero,,
S0088,raw/videos/S0088.mp4,raw/tactile/S0088.txt,OBJ006,clear,normal,normal,stable,0,2.533,6.833,9.8,11.667,24.3,,0,verified_zero,,
S0089,raw/videos/S0089.mp4,raw/tactile/S0089.txt,OBJ006,clear,normal,normal,stable,0,1.767,8.033,9.533,11.4,23.9,,0,verified_zero,,
S0090,raw/videos/S0090.mp4,raw/tactile/S0090.txt,OBJ006,clear,normal,normal,stable,0,2.133,7.567,9.2,11.933,23.767,,0,verified_zero,,
S0091,raw/videos/S0091.mp4,raw/tactile/S0091.txt,OBJ006,clear,normal,normal,stable,0,2.133,7.167,9,11.033,22.967,,0,verified_zero,,
S0092,raw/videos/S0092.mp4,raw/tactile/S0092.txt,OBJ006,clear,fast,normal,stable,0,3.233,8.633,11.167,12.333,19.333,,0,verified_zero,,
S0093,raw/videos/S0093.mp4,raw/tactile/S0093.txt,OBJ006,clear,fast,normal,stable,0,3.5,7.367,9.467,11.033,16.8,,0,verified_zero,,
S0094,raw/videos/S0094.mp4,raw/tactile/S0094.txt,OBJ006,clear,fast,normal,stable,0,2.967,7.533,9.233,10.467,16.7,,0,verified_zero,,
S0095,raw/videos/S0095.mp4,raw/tactile/S0095.txt,OBJ006,clear,normal,normal,fail,0,2.433,6.267,8.933,,10.733,,0,verified_zero,,
S0096,raw/videos/S0096.mp4,raw/tactile/S0096.txt,OBJ006,turbid,normal,normal,stable,0,2.633,8.733,9.867,12.5,24.7,,0,verified_zero,,
S0097,raw/videos/S0097.mp4,raw/tactile/S0097.txt,OBJ006,turbid,normal,normal,stable,0,2.433,9.5,10.267,12.6,24.433,,0,verified_zero,,
S0098,raw/videos/S0098.mp4,raw/tactile/S0098.txt,OBJ006,clear,normal,inverse,stable,0,2.467,7.867,9.133,10.767,23.6,,0,verified_zero,,
S0099,raw/videos/S0099.mp4,raw/tactile/S0099.txt,OBJ006,clear,normal,inverse,stable,0,2.333,7.633,9.067,11.7,23.433,,0,verified_zero,,
S0100,raw/videos/S0100.mp4,raw/tactile/S0100.txt,OBJ007,clear,normal,normal,stable,0,2.367,8.333,10.333,12.767,24.5,,0,verified_zero,,
S0101,raw/videos/S0101.mp4,raw/tactile/S0101.txt,OBJ007,clear,normal,normal,fail,0,1.733,9.567,11.167,13.767,15.167,,0,verified_zero,,
S0102,raw/videos/S0102.mp4,raw/tactile/S0102.txt,OBJ007,clear,normal,normal,stable,0,2.367,9.367,11.367,13.467,24.933,,0,verified_zero,,
S0103,raw/videos/S0103.mp4,raw/tactile/S0103.txt,OBJ007,clear,normal,normal,stable,0,1.933,9.433,11.067,13.267,24.733,,0,verified_zero,,
S0104,raw/videos/S0104.mp4,raw/tactile/S0104.txt,OBJ007,clear,normal,normal,stable,0,2,8.433,9.933,12.167,24.333,,0,verified_zero,,
S0105,raw/videos/S0105.mp4,raw/tactile/S0105.txt,OBJ007,clear,normal,normal,stable,0,1.6,10.1,11.167,12.633,24.933,,0,verified_zero,,
S0106,raw/videos/S0106.mp4,raw/tactile/S0106.txt,OBJ007,clear,normal,normal,stable,0,1.833,8.167,9.633,11.433,23.933,,0,verified_zero,,
S0107,raw/videos/S0107.mp4,raw/tactile/S0107.txt,OBJ007,clear,normal,normal,stable,0,1.733,9.667,11,12.867,24.933,,0,verified_zero,,
S0108,raw/videos/S0108.mp4,raw/tactile/S0108.txt,OBJ007,clear,normal,normal,stable,0,1.9,8.4,9.633,12.367,24.733,,0,verified_zero,,
S0109,raw/videos/S0109.mp4,raw/tactile/S0109.txt,OBJ007,clear,normal,normal,stable,0,2.333,10.4,11.9,14.267,24.933,,0,verified_zero,,
S0110,raw/videos/S0110.mp4,raw/tactile/S0110.txt,OBJ007,clear,fast,normal,stable,0,2.2,8.733,9.867,11.533,18.233,,0,verified_zero,,
S0111,raw/videos/S0111.mp4,raw/tactile/S0111.txt,OBJ007,clear,fast,normal,stable,0,2.433,9.567,11.167,13.133,19.3,,0,verified_zero,,
S0112,raw/videos/S0112.mp4,raw/tactile/S0112.txt,OBJ007,clear,fast,normal,stable,0,2.867,7.433,10.567,12.167,18.8,,0,verified_zero,,
S0113,raw/videos/S0113.mp4,raw/tactile/S0113.txt,OBJ007,turbid,normal,normal,stable,0,4.667,11.633,13.067,15.267,24.933,,0,verified_zero,,
S0114,raw/videos/S0114.mp4,raw/tactile/S0114.txt,OBJ007,turbid,normal,normal,stable,0,4.6,13.967,15.2,17.333,24.933,,0,verified_zero,,
S0115,raw/videos/S0115.mp4,raw/tactile/S0115.txt,OBJ007,clear,normal,inverse,stable,0,1.667,7.433,8.067,11.333,21.833,,0,verified_zero,,
S0116,raw/videos/S0116.mp4,raw/tactile/S0116.txt,OBJ007,clear,normal,inverse,stable,0,1.867,9.633,10.833,13.233,24.833,,0,verified_zero,,
S0117,raw/videos/S0117.mp4,raw/tactile/S0117.txt,OBJ008,clear,normal,normal,fail,0,2.633,6.3,7.567,,9.367,,0,verified_zero,,
S0118,raw/videos/S0118.mp4,raw/tactile/S0118.txt,OBJ008,clear,normal,normal,fail,0,2.867,7.167,8.467,12.733,23.333,,0,verified_zero,,
S0119,raw/videos/S0119.mp4,raw/tactile/S0119.txt,OBJ008,clear,normal,normal,stable,0,2.467,7.133,8.967,12.367,24.933,,0,verified_zero,,
S0120,raw/videos/S0120.mp4,raw/tactile/S0120.txt,OBJ008,clear,normal,normal,stable,0,2.767,6.867,8.233,11.267,24.4,,0,verified_zero,,
S0121,raw/videos/S0121.mp4,raw/tactile/S0121.txt,OBJ008,clear,normal,normal,stable,0,2.967,7.533,9.633,12.833,24.433,,0,verified_zero,,
S0122,raw/videos/S0122.mp4,raw/tactile/S0122.txt,OBJ008,clear,normal,normal,stable,0,2.867,7.033,8.833,11.933,24.933,,0,verified_zero,,
S0123,raw/videos/S0123.mp4,raw/tactile/S0123.txt,OBJ008,clear,normal,normal,stable,0,2.9,8.067,9.667,12.9,24.933,,0,verified_zero,,
S0124,raw/videos/S0124.mp4,raw/tactile/S0124.txt,OBJ008,clear,normal,normal,stable,0,2.733,7.733,8.933,12.367,24.433,,0,verified_zero,,
S0125,raw/videos/S0125.mp4,raw/tactile/S0125.txt,OBJ008,clear,normal,normal,stable,0,3.067,9.233,10.8,13.233,24.933,,0,verified_zero,,
S0126,raw/videos/S0126.mp4,raw/tactile/S0126.txt,OBJ008,clear,normal,rotate,stable,0,2.133,7.767,9.367,11.733,23.667,,0,verified_zero,,
S0127,raw/videos/S0127.mp4,raw/tactile/S0127.txt,OBJ008,clear,fast,normal,stable,0,2.233,7.267,8.533,10.233,17.5,,0,verified_zero,,
S0128,raw/videos/S0128.mp4,raw/tactile/S0128.txt,OBJ008,clear,fast,normal,stable,0,2.667,6.867,8.467,10.467,17.3,,0,verified_zero,,
S0129,raw/videos/S0129.mp4,raw/tactile/S0129.txt,OBJ008,clear,fast,normal,stable,0,2.333,6.933,9.033,10.833,17.833,,0,verified_zero,,
S0130,raw/videos/S0130.mp4,raw/tactile/S0130.txt,OBJ008,turbid,normal,normal,stable,0,2.967,9.167,10,13.1,24.067,,0,verified_zero,,
S0131,raw/videos/S0131.mp4,raw/tactile/S0131.txt,OBJ008,turbid,normal,normal,stable,0,3.267,8.867,10.5,13.5,24.733,,0,verified_zero,,
S0132,raw/videos/S0132.mp4,raw/tactile/S0132.txt,OBJ009,clear,normal,normal,fail,0,2.167,7.333,9,13.1,18.133,,0,verified_zero,,
S0133,raw/videos/S0133.mp4,raw/tactile/S0133.txt,OBJ009,clear,normal,normal,stable,0,2.033,7.433,9.767,12.633,24.767,,0,verified_zero,,
S0134,raw/videos/S0134.mp4,raw/tactile/S0134.txt,OBJ009,clear,normal,normal,stable,0,1.867,7.867,9.667,12.433,23.633,,0,verified_zero,,
S0135,raw/videos/S0135.mp4,raw/tactile/S0135.txt,OBJ009,clear,normal,normal,stable,0,2.267,8.067,10.067,12.267,24.167,,0,verified_zero,,
S0136,raw/videos/S0136.mp4,raw/tactile/S0136.txt,OBJ009,clear,normal,normal,stable,0,2.867,7.933,9.567,12.133,24.133,,0,verified_zero,,
S0137,raw/videos/S0137.mp4,raw/tactile/S0137.txt,OBJ009,clear,normal,normal,stable,0,2.033,7.667,10.233,12.767,24.233,,0,verified_zero,,
S0138,raw/videos/S0138.mp4,raw/tactile/S0138.txt,OBJ009,clear,normal,normal,stable,0,2.333,8.333,9.933,12.2,24.3,,0,verified_zero,,
S0139,raw/videos/S0139.mp4,raw/tactile/S0139.txt,OBJ009,clear,normal,normal,stable,0,2.7,8.133,10.033,12.667,24.5,,0,verified_zero,,
S0140,raw/videos/S0140.mp4,raw/tactile/S0140.txt,OBJ009,clear,normal,normal,stable,0,2.567,7.433,8.867,11.467,23.633,,0,verified_zero,,
S0141,raw/videos/S0141.mp4,raw/tactile/S0141.txt,OBJ009,clear,normal,normal,stable,0,2.133,7.6,9.067,11.533,23.167,,0,verified_zero,,
S0142,raw/videos/S0142.mp4,raw/tactile/S0142.txt,OBJ009,clear,fast,normal,stable,0,2.267,8.233,9.733,11.467,18.8,,0,verified_zero,,
S0143,raw/videos/S0143.mp4,raw/tactile/S0143.txt,OBJ009,clear,fast,normal,stable,0,2.5,7.367,9.367,11.267,17.233,,0,verified_zero,,
S0144,raw/videos/S0144.mp4,raw/tactile/S0144.txt,OBJ009,clear,fast,normal,stable,0,1.867,7.533,8.9,11.067,18.2,,0,verified_zero,,
S0145,raw/videos/S0145.mp4,raw/tactile/S0145.txt,OBJ009,turbid,normal,normal,stable,0,1.533,10.1,11.733,17.3,24.933,,0,verified_zero,,
S0146,raw/videos/S0146.mp4,raw/tactile/S0146.txt,OBJ009,turbid,normal,normal,stable,0,2.333,9.567,11.133,15.333,24.933,,0,verified_zero,,
S0147,raw/videos/S0147.mp4,raw/tactile/S0147.txt,OBJ010,clear,normal,normal,fail,0,2.667,8.1,10.067,14.7,22.767,,0,verified_zero,,
S0148,raw/videos/S0148.mp4,raw/tactile/S0148.txt,OBJ010,clear,normal,normal,stable,0,1.967,7.167,9.2,14.1,24.667,,0,verified_zero,,
S0149,raw/videos/S0149.mp4,raw/tactile/S0149.txt,OBJ010,clear,normal,normal,stable,0,1.867,8,10.2,14.367,24.467,,0,verified_zero,,
S0150,raw/videos/S0150.mp4,raw/tactile/S0150.txt,OBJ010,clear,normal,normal,stable,0,2.167,7.4,9.433,13.967,23.967,,0,verified_zero,,
S0151,raw/videos/S0151.mp4,raw/tactile/S0151.txt,OBJ010,clear,normal,normal,stable,0,1.7,7.433,9.467,12.633,23.767,,0,verified_zero,,
S0152,raw/videos/S0152.mp4,raw/tactile/S0152.txt,OBJ010,clear,normal,normal,stable,0,1.867,7.067,8.867,12.233,23,,0,verified_zero,,
S0153,raw/videos/S0153.mp4,raw/tactile/S0153.txt,OBJ010,clear,normal,normal,stable,0,2.167,10.867,11.833,15.467,24.933,,0,verified_zero,,
S0154,raw/videos/S0154.mp4,raw/tactile/S0154.txt,OBJ010,clear,normal,normal,stable,0,1.667,6.933,8.667,11.967,23.033,,0,verified_zero,,
S0155,raw/videos/S0155.mp4,raw/tactile/S0155.txt,OBJ010,clear,normal,normal,stable,0,1.867,7.267,9.6,13.267,23.733,,0,verified_zero,,
S0156,raw/videos/S0156.mp4,raw/tactile/S0156.txt,OBJ010,clear,normal,normal,stable,0,1.667,7.433,9.267,12.533,24.333,,0,verified_zero,,
S0157,raw/videos/S0157.mp4,raw/tactile/S0157.txt,OBJ010,clear,fast,normal,stable,0,1.767,7.567,9.4,11.733,17.867,,0,verified_zero,,
S0158,raw/videos/S0158.mp4,raw/tactile/S0158.txt,OBJ010,clear,fast,normal,stable,0,1.867,7,9.333,11.2,17.933,,0,verified_zero,,
S0159,raw/videos/S0159.mp4,raw/tactile/S0159.txt,OBJ010,clear,fast,normal,stable,0,1.8,6.967,8.367,10.467,17,,0,verified_zero,,
S0160,raw/videos/S0160.mp4,raw/tactile/S0160.txt,OBJ010,turbid,normal,normal,stable,0,4.1,9.433,11.5,14,24.933,,0,verified_zero,,
S0161,raw/videos/S0161.mp4,raw/tactile/S0161.txt,OBJ010,turbid,normal,normal,stable,0,4.333,9.6,10.6,13.767,24.3,,0,verified_zero,,
S0162,raw/videos/S0162.mp4,raw/tactile/S0162.txt,OBJ010,clear,normal,inverse,stable,0,2.133,6.667,9.367,12.067,23.8,,0,verified_zero,,
S0163,raw/videos/S0163.mp4,raw/tactile/S0163.txt,OBJ010,clear,normal,inverse,stable,0,2.233,7.167,8.1,10.8,22.467,,0,verified_zero,,
S0164,raw/videos/S0164.mp4,raw/tactile/S0164.txt,OBJ011,clear,normal,normal,stable,0,2.3,8.1,10.067,13.333,24.933,,0,verified_zero,,
S0165,raw/videos/S0165.mp4,raw/tactile/S0165.txt,OBJ011,clear,normal,normal,stable,0,2.333,8.2,9.633,13.333,24.4,,0,verified_zero,,
S0166,raw/videos/S0166.mp4,raw/tactile/S0166.txt,OBJ011,clear,normal,normal,stable,0,2.833,8.767,10.267,14.133,24.933,,0,verified_zero,,
S0167,raw/videos/S0167.mp4,raw/tactile/S0167.txt,OBJ011,clear,normal,normal,stable,0,2.233,8.467,10.033,14.233,24.933,,0,verified_zero,,
S0168,raw/videos/S0168.mp4,raw/tactile/S0168.txt,OBJ011,clear,normal,normal,stable,0,2.1,8.133,9.433,13.667,24.633,,0,verified_zero,,
S0169,raw/videos/S0169.mp4,raw/tactile/S0169.txt,OBJ011,clear,normal,normal,stable,0,1.867,7.5,9.533,13.733,24.167,,0,verified_zero,,
S0170,raw/videos/S0170.mp4,raw/tactile/S0170.txt,OBJ011,clear,normal,normal,stable,0,2,8.067,9.8,14.267,24.4,,0,verified_zero,,
S0171,raw/videos/S0171.mp4,raw/tactile/S0171.txt,OBJ011,clear,normal,normal,stable,0,2.367,8.433,9.867,13.9,24.9,,0,verified_zero,,
S0172,raw/videos/S0172.mp4,raw/tactile/S0172.txt,OBJ011,clear,normal,normal,stable,0,2.4,7.7,9.3,13.1,24.8,,0,verified_zero,,
S0173,raw/videos/S0173.mp4,raw/tactile/S0173.txt,OBJ011,clear,fast,normal,stable,0,2.367,8.233,9.7,12.667,18.533,,0,verified_zero,,
S0174,raw/videos/S0174.mp4,raw/tactile/S0174.txt,OBJ011,clear,normal,normal,fail,0,2.167,7.9,9.267,12.8,20.867,,0,verified_zero,,
S0175,raw/videos/S0175.mp4,raw/tactile/S0175.txt,OBJ011,clear,fast,normal,stable,0,2.133,7.967,9.3,11.8,18.267,,0,verified_zero,,
S0176,raw/videos/S0176.mp4,raw/tactile/S0176.txt,OBJ011,clear,fast,normal,stable,0,2.1,8.5,10.2,12.6,19.6,,0,verified_zero,,
S0177,raw/videos/S0177.mp4,raw/tactile/S0177.txt,OBJ011,turbid,normal,normal,fail,0,2.333,10.667,12.667,16.4,23.1,,0,verified_zero,,
S0178,raw/videos/S0178.mp4,raw/tactile/S0178.txt,OBJ011,turbid,normal,normal,fail,0,2.4,10.7,12,14.2,15.6,,0,verified_zero,,
S0179,raw/videos/S0179.mp4,raw/tactile/S0179.txt,OBJ012,clear,normal,normal,stable,0,1.8,7.6,10,13,24.5,,0,verified_zero,,
S0180,raw/videos/S0180.mp4,raw/tactile/S0180.txt,OBJ012,clear,normal,normal,stable,0,1.8,7.1,8.9,11.7,23.1,,0,verified_zero,,
S0181,raw/videos/S0181.mp4,raw/tactile/S0181.txt,OBJ012,clear,normal,normal,stable,0,2.1,7.4,9.8,12.5,23.733,,0,verified_zero,,
S0182,raw/videos/S0182.mp4,raw/tactile/S0182.txt,OBJ012,clear,normal,normal,stable,0,2.2,8.1,10.4,13.1,24.9,,0,verified_zero,,
S0183,raw/videos/S0183.mp4,raw/tactile/S0183.txt,OBJ012,clear,normal,normal,stable,0,1.5,6.6,8.3,11,22.667,,0,verified_zero,,
S0184,raw/videos/S0184.mp4,raw/tactile/S0184.txt,OBJ012,clear,normal,normal,stable,0,1.7,6.8,8.967,11.9,23.067,,0,verified_zero,,
S0185,raw/videos/S0185.mp4,raw/tactile/S0185.txt,OBJ012,clear,normal,normal,stable,0,1.9,8.5,11.1,14.1,24.933,,0,verified_zero,,
S0186,raw/videos/S0186.mp4,raw/tactile/S0186.txt,OBJ012,clear,normal,normal,stable,0,1.9,6.8,8.9,11.5,23.367,,0,verified_zero,,
S0187,raw/videos/S0187.mp4,raw/tactile/S0187.txt,OBJ012,clear,normal,normal,stable,0,1.8,7,8.933,11.8,22.8,,0,verified_zero,,
S0188,raw/videos/S0188.mp4,raw/tactile/S0188.txt,OBJ012,clear,fast,normal,stable,0,1.9,7,9,11.1,17.567,,0,verified_zero,,
S0189,raw/videos/S0189.mp4,raw/tactile/S0189.txt,OBJ012,clear,fast,normal,stable,0,2,6.8,8.9,11.3,18,,0,verified_zero,,
S0190,raw/videos/S0190.mp4,raw/tactile/S0190.txt,OBJ012,clear,fast,normal,stable,0,1.5,9.2,10.9,13,19.233,,0,verified_zero,,
S0191,raw/videos/S0191.mp4,raw/tactile/S0191.txt,OBJ012,clear,normal,normal,fail,0,1.9,7.2,8.9,,10.2,,0,verified_zero,,
S0192,raw/videos/S0192.mp4,raw/tactile/S0192.txt,OBJ012,turbid,normal,normal,stable,0,3.1,10.8,11.8,14,24.933,,0,verified_zero,,
S0193,raw/videos/S0193.mp4,raw/tactile/S0193.txt,OBJ012,turbid,normal,normal,stable,0,3.7,9.1,11.1,13.6,24.933,,0,verified_zero,,
S0194,raw/videos/S0194.mp4,raw/tactile/S0194.txt,OBJ012,clear,normal,inverse,stable,0,2.2,6.3,8.5,10.8,22.3,,0,verified_zero,,
S0195,raw/videos/S0195.mp4,raw/tactile/S0195.txt,OBJ012,clear,normal,inverse,stable,0,2.2,7.2,8.8,10.9,22.8,,0,verified_zero,,
S0196,raw/videos/S0196.mp4,raw/tactile/S0196.txt,OBJ013,clear,normal,normal,stable,0,4,7.1,11.2,14.7,24.933,,0,verified_zero,,
S0197,raw/videos/S0197.mp4,raw/tactile/S0197.txt,OBJ013,clear,normal,normal,stable,0,3.2,5.2,7.7,10.9,24.333,,0,verified_zero,,
S0198,raw/videos/S0198.mp4,raw/tactile/S0198.txt,OBJ013,clear,normal,normal,fail,0,3.3,5.8,9.3,12.6,16.4,,0,verified_zero,,
S0199,raw/videos/S0199.mp4,raw/tactile/S0199.txt,OBJ013,clear,normal,normal,stable,0,3.4,5.9,7.9,11.3,23.767,,0,verified_zero,,
S0200,raw/videos/S0200.mp4,raw/tactile/S0200.txt,OBJ013,clear,normal,normal,stable,0,2.7,5.9,8.1,11.2,23.3,,0,verified_zero,,
S0201,raw/videos/S0201.mp4,raw/tactile/S0201.txt,OBJ013,clear,normal,normal,stable,0,2.5,5.4,8.4,11.2,22.6,,0,verified_zero,,
S0202,raw/videos/S0202.mp4,raw/tactile/S0202.txt,OBJ013,clear,normal,normal,stable,0,2.4,5,7.5,11.3,22.8,,0,verified_zero,,
S0203,raw/videos/S0203.mp4,raw/tactile/S0203.txt,OBJ013,clear,normal,normal,stable,0,2.4,5.4,7.6,11.1,23.033,,0,verified_zero,,
S0204,raw/videos/S0204.mp4,raw/tactile/S0204.txt,OBJ013,clear,normal,normal,stable,0,2.5,5.6,7.8,11.7,23.233,,0,verified_zero,,
S0205,raw/videos/S0205.mp4,raw/tactile/S0205.txt,OBJ013,clear,normal,normal,stable,0,2.4,5.9,8.1,11.4,23.4,,0,verified_zero,,
S0206,raw/videos/S0206.mp4,raw/tactile/S0206.txt,OBJ013,clear,normal,normal,stable,0,2.4,5.5,8.1,12.5,23.6,,0,verified_zero,,
S0207,raw/videos/S0207.mp4,raw/tactile/S0207.txt,OBJ013,clear,normal,normal,stable,0,2.7,5.3,7.5,11.9,23.4,,0,verified_zero,,
S0208,raw/videos/S0208.mp4,raw/tactile/S0208.txt,OBJ013,clear,normal,normal,stable,0,2.7,5.2,9.7,13.5,24.567,,0,verified_zero,,
S0209,raw/videos/S0209.mp4,raw/tactile/S0209.txt,OBJ013,turbid,normal,normal,stable,0,2.8,8.2,9.5,12.7,23.967,,0,verified_zero,,
S0210,raw/videos/S0210.mp4,raw/tactile/S0210.txt,OBJ013,turbid,normal,normal,stable,0,2.4,6.8,8.8,11.1,24.3,,0,verified_zero,,
S0211,raw/videos/S0211.mp4,raw/tactile/S0211.txt,OBJ014,clear,normal,normal,stable,0,2,5.6,7.6,10.3,23.967,,0,verified_zero,,
S0212,raw/videos/S0212.mp4,raw/tactile/S0212.txt,OBJ014,clear,normal,normal,stable,0,2,5.5,8.3,11.6,23.2,,0,verified_zero,,
S0213,raw/videos/S0213.mp4,raw/tactile/S0213.txt,OBJ014,turbid,normal,normal,stable,0,3.2,7,8.3,11.5,23.233,,0,verified_zero,,
S0214,raw/videos/S0214.mp4,raw/tactile/S0214.txt,OBJ014,clear,normal,normal,stable,0,1.6,5.7,7.5,10.3,22.067,,0,verified_zero,,
S0215,raw/videos/S0215.mp4,raw/tactile/S0215.txt,OBJ014,turbid,normal,normal,stable,0,2.6,7.5,9.2,11.7,24.267,,0,verified_zero,,
S0216,raw/videos/S0216.mp4,raw/tactile/S0216.txt,OBJ014,clear,normal,normal,stable,0,1.9,5.567,7.1,10.3,22.3,,0,verified_zero,,
S0217,raw/videos/S0217.mp4,raw/tactile/S0217.txt,OBJ014,clear,normal,normal,stable,0,2,5.7,7.9,10.6,22.467,,0,verified_zero,,
S0218,raw/videos/S0218.mp4,raw/tactile/S0218.txt,OBJ014,clear,normal,normal,stable,0,1.9,5.7,7.7,10.7,21.933,,0,verified_zero,,
S0219,raw/videos/S0219.mp4,raw/tactile/S0219.txt,OBJ014,clear,normal,normal,stable,0,2.2,5.4,7.1,10.7,22.333,,0,verified_zero,,
S0220,raw/videos/S0220.mp4,raw/tactile/S0220.txt,OBJ014,clear,normal,normal,stable,0,2,5.5,7.5,10.8,21.8,,0,verified_zero,,
S0221,raw/videos/S0221.mp4,raw/tactile/S0221.txt,OBJ014,clear,normal,normal,stable,0,2.4,5.7,7.3,10.2,22.167,,0,verified_zero,,
S0222,raw/videos/S0222.mp4,raw/tactile/S0222.txt,OBJ014,clear,normal,normal,stable,0,2.4,6,8.4,11,23.233,,0,verified_zero,,
S0223,raw/videos/S0223.mp4,raw/tactile/S0223.txt,OBJ014,clear,normal,normal,stable,0,2.2,6.4,8,11,23.433,,0,verified_zero,,
S0224,raw/videos/S0224.mp4,raw/tactile/S0224.txt,OBJ014,clear,normal,normal,stable,0,2,5.6,7.3,9.7,22.467,,0,verified_zero,,
S0225,raw/videos/S0225.mp4,raw/tactile/S0225.txt,OBJ014,clear,normal,normal,fail,0,1.9,5.6,7.3,,9.2,,0,verified_zero,,
S0226,raw/videos/S0226.mp4,raw/tactile/S0226.txt,OBJ015,clear,normal,normal,fail,0,2.8,5.3,7.7,11.8,20.3,,0,verified_zero,,
S0227,raw/videos/S0227.mp4,raw/tactile/S0227.txt,OBJ015,clear,normal,normal,stable,0,2,6.3,10.2,13.4,24.567,,0,verified_zero,,
S0228,raw/videos/S0228.mp4,raw/tactile/S0228.txt,OBJ015,clear,normal,normal,stable,0,2.3,5.8,9.1,11.8,24.9,,0,verified_zero,,
S0229,raw/videos/S0229.mp4,raw/tactile/S0229.txt,OBJ015,clear,normal,normal,stable,0,4.9,6.1,8.2,12.1,21.567,,0,verified_zero,,
S0230,raw/videos/S0230.mp4,raw/tactile/S0230.txt,OBJ015,clear,normal,normal,stable,0,4.1,5.8,8.5,11.5,22.133,,0,verified_zero,,
S0231,raw/videos/S0231.mp4,raw/tactile/S0231.txt,OBJ015,clear,normal,normal,stable,0,3.2,6.4,8.7,11.6,23.067,,0,verified_zero,,
S0232,raw/videos/S0232.mp4,raw/tactile/S0232.txt,OBJ015,clear,normal,normal,stable,0,3.3,6,8.5,11.6,22.767,,0,verified_zero,,
S0233,raw/videos/S0233.mp4,raw/tactile/S0233.txt,OBJ015,clear,normal,normal,stable,0,3.3,6.8,8.8,11.9,23.233,,0,verified_zero,,
S0234,raw/videos/S0234.mp4,raw/tactile/S0234.txt,OBJ015,clear,normal,normal,stable,0,3.2,6.2,7.7,11.6,22.7,,0,verified_zero,,
S0235,raw/videos/S0235.mp4,raw/tactile/S0235.txt,OBJ015,clear,normal,normal,stable,0,2.333,6.4,7.767,11.5,22.333,,0,verified_zero,,
S0236,raw/videos/S0236.mp4,raw/tactile/S0236.txt,OBJ015,clear,normal,normal,stable,0,2.6,5.9,7.7,11.7,22.3,,0,verified_zero,,
S0237,raw/videos/S0237.mp4,raw/tactile/S0237.txt,OBJ015,clear,normal,normal,stable,0,3.7,6.5,7.967,11.7,22.933,,0,verified_zero,,
S0238,raw/videos/S0238.mp4,raw/tactile/S0238.txt,OBJ015,clear,normal,normal,stable,0,3.067,6.6,8.7,11.5,23.7,,0,verified_zero,,
S0239,raw/videos/S0239.mp4,raw/tactile/S0239.txt,OBJ015,turbid,normal,normal,stable,0,2.5,6.2,8.8,11.5,23.533,,0,verified_zero,,
S0240,raw/videos/S0240.mp4,raw/tactile/S0240.txt,OBJ015,turbid,normal,normal,stable,0,3.5,8.3,9.467,11.7,23.7,,0,verified_zero,,
S0241,raw/videos/S0241.mp4,raw/tactile/S0241.txt,OBJ016,clear,normal,normal,stable,0,2.3,6.2,7.8,10.2,22.8,,0,verified_zero,,
S0242,raw/videos/S0242.mp4,raw/tactile/S0242.txt,OBJ016,clear,normal,normal,stable,0,1.8,6.8,8.9,12.3,23.8,,0,verified_zero,,
S0243,raw/videos/S0243.mp4,raw/tactile/S0243.txt,OBJ016,clear,normal,normal,stable,0,2.6,6.3,7.7,10.7,22.867,,0,verified_zero,,
S0244,raw/videos/S0244.mp4,raw/tactile/S0244.txt,OBJ016,clear,normal,normal,stable,0,2.5,6.7,7.8,10.9,22.467,,0,verified_zero,,
S0245,raw/videos/S0245.mp4,raw/tactile/S0245.txt,OBJ016,clear,normal,normal,stable,0,2.1,6.4,8.2,10.9,22.833,,0,verified_zero,,
S0246,raw/videos/S0246.mp4,raw/tactile/S0246.txt,OBJ016,clear,normal,normal,stable,0,2.3,5.8,7.8,10.7,22.933,,0,verified_zero,,
S0247,raw/videos/S0247.mp4,raw/tactile/S0247.txt,OBJ016,clear,normal,normal,stable,0,2.1,6,7.5,10.1,21.933,,0,verified_zero,,
S0248,raw/videos/S0248.mp4,raw/tactile/S0248.txt,OBJ016,clear,normal,normal,stable,0,2.1,6.1,7.8,10.6,22.967,,0,verified_zero,,
S0249,raw/videos/S0249.mp4,raw/tactile/S0249.txt,OBJ016,clear,normal,normal,stable,0,2.1,6.8,8.7,11.7,23.2,,0,verified_zero,,
S0250,raw/videos/S0250.mp4,raw/tactile/S0250.txt,OBJ016,clear,normal,normal,stable,0,2.4,6,7.7,10.5,22.167,,0,verified_zero,,
S0251,raw/videos/S0251.mp4,raw/tactile/S0251.txt,OBJ016,clear,normal,normal,stable,0,2.2,5.9,7.4,10.8,22.4,,0,verified_zero,,
S0252,raw/videos/S0252.mp4,raw/tactile/S0252.txt,OBJ016,clear,normal,normal,stable,0,2.5,5.7,7.3,10.1,22.1,,0,verified_zero,,
S0253,raw/videos/S0253.mp4,raw/tactile/S0253.txt,OBJ016,clear,normal,normal,fail,0,1.8,5.2,7.1,,8.8,,0,verified_zero,,
S0254,raw/videos/S0254.mp4,raw/tactile/S0254.txt,OBJ016,turbid,normal,normal,stable,0,2.6,8.2,9.5,12.5,23.9,,0,verified_zero,,
S0255,raw/videos/S0255.mp4,raw/tactile/S0255.txt,OBJ016,turbid,normal,normal,stable,0,2.3,7.1,8.8,11.6,23.4,,0,verified_zero,,
S0256,raw/videos/S0256.mp4,raw/tactile/S0256.txt,OBJ017,clear,normal,normal,stable,0,1.7,5.9,7.5,10.6,23.1,,0,verified_zero,,
S0257,raw/videos/S0257.mp4,raw/tactile/S0257.txt,OBJ017,clear,normal,normal,stable,0,2,6.5,8.6,11.8,23.4,,0,verified_zero,,
S0258,raw/videos/S0258.mp4,raw/tactile/S0258.txt,OBJ017,clear,normal,normal,stable,0,1.8,6.6,8.9,11.4,24.1,,0,verified_zero,,
S0259,raw/videos/S0259.mp4,raw/tactile/S0259.txt,OBJ017,clear,normal,normal,stable,0,2.2,5.9,8.2,10.9,23.267,,0,verified_zero,,
S0260,raw/videos/S0260.mp4,raw/tactile/S0260.txt,OBJ017,clear,normal,normal,stable,0,2.1,5.7,7.5,10.3,22.1,,0,verified_zero,,
S0261,raw/videos/S0261.mp4,raw/tactile/S0261.txt,OBJ017,clear,normal,normal,stable,0,1.7,5.5,7.2,10.1,22.433,,0,verified_zero,,
S0262,raw/videos/S0262.mp4,raw/tactile/S0262.txt,OBJ017,clear,normal,normal,stable,0,2.2,5.6,7.9,10.8,22.8,,0,verified_zero,,
S0263,raw/videos/S0263.mp4,raw/tactile/S0263.txt,OBJ017,clear,normal,normal,stable,0,2.1,5.7,7.8,10.3,22.467,,0,verified_zero,,
S0264,raw/videos/S0264.mp4,raw/tactile/S0264.txt,OBJ017,clear,normal,normal,stable,0,2.3,5.7,7.3,10.3,21.767,,0,verified_zero,,
S0265,raw/videos/S0265.mp4,raw/tactile/S0265.txt,OBJ017,clear,normal,normal,stable,0,2.3,5.6,7.4,10.1,22.267,,0,verified_zero,,
S0266,raw/videos/S0266.mp4,raw/tactile/S0266.txt,OBJ017,clear,normal,normal,stable,0,2.2,5.6,7.5,10.9,22.933,,0,verified_zero,,
S0267,raw/videos/S0267.mp4,raw/tactile/S0267.txt,OBJ017,clear,normal,normal,stable,0,1.9,5.4,7.2,10.7,22.367,,0,verified_zero,,
S0268,raw/videos/S0268.mp4,raw/tactile/S0268.txt,OBJ017,clear,normal,normal,fail,0,1.8,5.3,7.8,,11.5,,0,verified_zero,,
S0269,raw/videos/S0269.mp4,raw/tactile/S0269.txt,OBJ017,turbid,normal,normal,stable,0,2.7,6.8,8.9,12.5,23.8,,0,verified_zero,,
S0270,raw/videos/S0270.mp4,raw/tactile/S0270.txt,OBJ017,turbid,normal,normal,stable,0,2.1,7.4,9.267,12.6,24.8,,0,verified_zero,,
S0271,raw/videos/S0271.mp4,raw/tactile/S0271.txt,OBJ017,clear,normal,inverse,stable,0,2.1,6.4,7.4,10.2,23.6,,0,verified_zero,,
S0272,raw/videos/S0272.mp4,raw/tactile/S0272.txt,OBJ017,clear,normal,inverse,stable,0,2.1,8.4,9.6,13,24.6,,0,verified_zero,,
S0273,raw/videos/S0273.mp4,raw/tactile/S0273.txt,OBJ018,clear,normal,normal,stable,0,3.5,6.8,9.6,12.4,24.367,,0,verified_zero,,
S0274,raw/videos/S0274.mp4,raw/tactile/S0274.txt,OBJ018,clear,normal,normal,stable,0,3.8,6.7,9.1,11.8,23.533,,0,verified_zero,,
S0275,raw/videos/S0275.mp4,raw/tactile/S0275.txt,OBJ018,clear,normal,normal,stable,0,3.2,5.9,8,10.5,23.067,,0,verified_zero,,
S0276,raw/videos/S0276.mp4,raw/tactile/S0276.txt,OBJ018,clear,normal,normal,stable,0,3.3,5.9,8.1,11.2,23.467,,0,verified_zero,,
S0277,raw/videos/S0277.mp4,raw/tactile/S0277.txt,OBJ018,clear,normal,normal,stable,0,4,7.5,11.5,14.4,24.933,,0,verified_zero,,
S0278,raw/videos/S0278.mp4,raw/tactile/S0278.txt,OBJ018,clear,normal,normal,stable,0,3.4,5.7,7.6,10.5,22.833,,0,verified_zero,,
S0279,raw/videos/S0279.mp4,raw/tactile/S0279.txt,OBJ018,clear,normal,normal,stable,0,3.5,5.9,7.567,10.3,22.133,,0,verified_zero,,
S0280,raw/videos/S0280.mp4,raw/tactile/S0280.txt,OBJ018,clear,normal,normal,stable,0,3.4,6.2,8.9,11.9,23.7,,0,verified_zero,,
S0281,raw/videos/S0281.mp4,raw/tactile/S0281.txt,OBJ018,clear,normal,normal,stable,0,3.3,6.6,8.4,11,23.133,,0,verified_zero,,
S0282,raw/videos/S0282.mp4,raw/tactile/S0282.txt,OBJ018,clear,normal,normal,stable,0,3.3,6.2,8.2,11.1,23.7,,0,verified_zero,,
S0283,raw/videos/S0283.mp4,raw/tactile/S0283.txt,OBJ018,clear,normal,normal,stable,0,3.1,5.8,8.9,12,23.133,,0,verified_zero,,
S0284,raw/videos/S0284.mp4,raw/tactile/S0284.txt,OBJ018,clear,normal,normal,stable,0,2.6,5.2,7.9,11,22.967,,0,verified_zero,,
S0285,raw/videos/S0285.mp4,raw/tactile/S0285.txt,OBJ018,clear,normal,normal,fail,0,3.6,5.5,8.9,,10.8,,0,verified_zero,,
S0286,raw/videos/S0286.mp4,raw/tactile/S0286.txt,OBJ018,turbid,normal,normal,stable,0,2.8,8.4,9.7,12.5,24.9,,0,verified_zero,,
S0287,raw/videos/S0287.mp4,raw/tactile/S0287.txt,OBJ018,turbid,normal,normal,stable,0,2.8,7.2,8.9,12.1,23.5,,0,verified_zero,,
